-- phpMyAdmin SQL Dump
-- version 5.0.2
-- https://www.phpmyadmin.net/
--
-- Host: 127.0.0.1
-- Generation Time: Oct 28, 2020 at 11:05 PM
-- Server version: 10.4.11-MariaDB
-- PHP Version: 7.4.5

SET SQL_MODE = "NO_AUTO_VALUE_ON_ZERO";
START TRANSACTION;
SET time_zone = "+00:00";


/*!40101 SET @OLD_CHARACTER_SET_CLIENT=@@CHARACTER_SET_CLIENT */;
/*!40101 SET @OLD_CHARACTER_SET_RESULTS=@@CHARACTER_SET_RESULTS */;
/*!40101 SET @OLD_COLLATION_CONNECTION=@@COLLATION_CONNECTION */;
/*!40101 SET NAMES utf8mb4 */;

--
-- Database: `db_air`
--

-- --------------------------------------------------------

--
-- Table structure for table `tb_bulan`
--

CREATE TABLE `tb_bulan` (
  `id_bulan` char(3) NOT NULL,
  `nama_bulan` varchar(10) NOT NULL
) ENGINE=InnoDB DEFAULT CHARSET=latin1;

--
-- Dumping data for table `tb_bulan`
--

INSERT INTO `tb_bulan` (`id_bulan`, `nama_bulan`) VALUES
('A', 'Januari'),
('B', 'Februari'),
('C', 'Maret'),
('D', 'April'),
('E', 'Mei'),
('F', 'Juni'),
('G', 'Juli'),
('H', 'Agustus'),
('I', 'September'),
('J', 'Oktober'),
('K', 'November'),
('L', 'Desember');

-- --------------------------------------------------------

--
-- Table structure for table `tb_info`
--

CREATE TABLE `tb_info` (
  `id_info` int(11) NOT NULL,
  `isi_info` varchar(500) NOT NULL
) ENGINE=InnoDB DEFAULT CHARSET=latin1;

--
-- Dumping data for table `tb_info`
--

INSERT INTO `tb_info` (`id_info`, `isi_info`) VALUES
(1, 'Contact : Instagram -------- kkn.punjulharjo');

-- --------------------------------------------------------

--
-- Table structure for table `tb_layanan`
--

CREATE TABLE `tb_layanan` (
  `id_layanan` int(11) NOT NULL,
  `layanan` varchar(20) NOT NULL,
  `tarif_dasar` int(11) NOT NULL,
  `tarif_1` int(11) NOT NULL,
  `tarif_2` int(11) NOT NULL,
  `admin` int(11) NOT NULL
) ENGINE=InnoDB DEFAULT CHARSET=latin1;

--
-- Dumping data for table `tb_layanan`
--

INSERT INTO `tb_layanan` (`id_layanan`, `layanan`, `tarif_dasar`, `tarif_1`, `tarif_2`, `admin`) VALUES
(1, 'Layanan Air 1', 1500, 2000, 3000, 1000);

-- --------------------------------------------------------

--
-- Table structure for table `tb_pakai`
--

CREATE TABLE `tb_pakai` (
  `id_pakai` char(11) NOT NULL,
  `id_pelanggan` char(15) NOT NULL,
  `bulan` char(3) NOT NULL,
  `tahun` char(4) NOT NULL,
  `awal` int(11) NOT NULL DEFAULT 0,
  `akhir` int(11) NOT NULL,
  `pakai` int(11) NOT NULL
) ENGINE=InnoDB DEFAULT CHARSET=latin1;

--
-- Dumping data for table `tb_pakai`
--

INSERT INTO `tb_pakai` (`id_pakai`, `id_pelanggan`, `bulan`, `tahun`, `awal`, `akhir`, `pakai`) VALUES
('K000000001', '1', 'F', '2020', 569, 618, 49),
('K000000002', '2', 'F', '2020', 289, 356, 67),
('K000000003', '3', 'F', '2020', 104, 138, 34),
('K000000004', '4', 'F', '2020', 234, 247, 13),
('K000000005', '5', 'F', '2020', 1206, 1219, 13),
('K000000006', '6', 'F', '2020', 168, 182, 14),
('K000000007', '7', 'F', '2020', 171, 178, 7),
('K000000008', '8', 'F', '2020', 164, 164, 0),
('K000000009', '9', 'F', '2020', 1601, 1627, 26),
('K000000010', '10', 'F', '2020', 1393, 1418, 25),
('K000000011', '11', 'F', '2020', 219, 226, 7),
('K000000012', '12', 'F', '2020', 137, 139, 2),
('K000000013', '13', 'F', '2020', 584, 595, 11),
('K000000014', '14', 'F', '2020', 1335, 1335, 0),
('K000000015', '15', 'F', '2020', 2160, 2169, 9),
('K000000016', '16', 'F', '2020', 182, 199, 17),
('K000000017', '17', 'F', '2020', 119, 122, 3),
('K000000018', '18', 'F', '2020', 137, 147, 10),
('K000000019', '19', 'F', '2020', 87, 98, 11),
('K000000020', '20', 'F', '2020', 0, 0, 0),
('K000000021', '21', 'F', '2020', 590, 601, 11),
('K000000022', '22', 'F', '2020', 137, 153, 16),
('K000000023', '23', 'F', '2020', 334, 335, 1),
('K000000024', '24', 'F', '2020', 443, 488, 45),
('K000000025', '25', 'F', '2020', 903, 973, 70),
('K000000026', '26', 'F', '2020', 334, 335, 1),
('K000000027', '27', 'F', '2020', 127, 146, 19),
('K000000028', '28', 'F', '2020', 123, 144, 21),
('K000000029', '29', 'F', '2020', 148, 173, 25),
('K000000030', '30', 'F', '2020', 92, 96, 4),
('K000000031', '31', 'F', '2020', 96, 108, 12),
('K000000032', '32', 'F', '2020', 0, 0, 0),
('K000000033', '33', 'F', '2020', 1621, 1648, 27),
('K000000034', '34', 'F', '2020', 611, 618, 7),
('K000000035', '35', 'F', '2020', 728, 757, 29),
('K000000036', '36', 'F', '2020', 16, 18, 2),
('K000000037', '37', 'F', '2020', 107, 107, 0),
('K000000038', '38', 'F', '2020', 11, 19, 8),
('K000000039', '39', 'F', '2020', 463, 472, 9),
('K000000040', '40', 'F', '2020', 645, 662, 17),
('K000000041', '41', 'F', '2020', 227, 242, 15),
('K000000042', '42', 'F', '2020', 394, 397, 3),
('K000000043', '43', 'F', '2020', 228, 229, 1),
('K000000045', '45', 'F', '2020', 381, 381, 0),
('K000000046', '46', 'F', '2020', 296, 305, 9),
('K000000047', '47', 'F', '2020', 38, 40, 2),
('K000000048', '48', 'F', '2020', 135, 148, 13),
('K000000049', '49', 'F', '2020', 24, 26, 2),
('K000000050', '44', 'F', '2020', 228, 229, 1),
('K000000051', '50', 'F', '2020', 0, 0, 0),
('K000000052', '51', 'F', '2020', 2, 2, 0),
('K000000053', '52', 'F', '2020', 1235, 1248, 13),
('K000000054', '53', 'F', '2020', 345, 374, 29),
('K000000055', '54', 'F', '2020', 1306, 1320, 14),
('K000000056', '55', 'F', '2020', 1782, 1805, 23),
('K000000057', '56', 'F', '2020', 1167, 1184, 17),
('K000000058', '57', 'F', '2020', 467, 480, 13),
('K000000059', '58', 'F', '2020', 1290, 1307, 17),
('K000000060', '59', 'F', '2020', 55, 59, 4),
('K000000061', '60', 'F', '2020', 389, 404, 15),
('K000000062', '61', 'F', '2020', 521, 538, 17),
('K000000063', '62', 'F', '2020', 583, 596, 13),
('K000000064', '63', 'F', '2020', 19, 34, 15),
('K000000065', '64', 'F', '2020', 669, 680, 11),
('K000000066', '65', 'F', '2020', 379, 406, 27),
('K000000067', '66', 'F', '2020', 769, 784, 15),
('K000000068', '67', 'F', '2020', 0, 0, 0),
('K000000069', '68', 'F', '2020', 658, 672, 14),
('K000000070', '69', 'F', '2020', 20, 25, 5),
('K000000071', '70', 'F', '2020', 127, 138, 11),
('K000000072', '71', 'F', '2020', 538, 547, 9),
('K000000073', '72', 'F', '2020', 236, 251, 15),
('K000000074', '73', 'F', '2020', 1217, 1232, 15),
('K000000075', '74', 'F', '2020', 118, 125, 7),
('K000000076', '75', 'F', '2020', 205, 233, 28),
('K000000077', '76', 'F', '2020', 155, 160, 5),
('K000000079', '79', 'F', '2020', 26, 33, 7),
('K000000080', '80', 'F', '2020', 164, 166, 2),
('K000000081', '81', 'F', '2020', 37, 37, 0),
('K000000082', '82', 'F', '2020', 327, 338, 11),
('K000000083', '83', 'F', '2020', 207, 226, 19),
('K000000084', '77', 'F', '2020', 341, 359, 18),
('K000000085', '115', 'F', '2020', 1328, 1328, 0),
('K000000086', '116', 'F', '2020', 974, 976, 2),
('K000000087', '117', 'F', '2020', 453, 484, 31),
('K000000088', '118', 'F', '2020', 1600, 1613, 13),
('K000000089', '119', 'F', '2020', 890, 897, 7),
('K000000090', '120', 'F', '2020', 716, 717, 1),
('K000000091', '121', 'F', '2020', 1523, 1532, 9),
('K000000092', '122', 'F', '2020', 689, 702, 13),
('K000000093', '123', 'F', '2020', 201, 218, 17),
('K000000094', '124', 'F', '2020', 424, 435, 11),
('K000000095', '125', 'F', '2020', 1172, 1183, 11),
('K000000096', '126', 'F', '2020', 188, 213, 25),
('K000000097', '127', 'F', '2020', 221, 227, 6),
('K000000098', '128', 'F', '2020', 87, 89, 2),
('K000000099', '129', 'F', '2020', 408, 435, 27),
('K000000100', '130', 'F', '2020', 1660, 1661, 1),
('K000000101', '131', 'F', '2020', 1295, 1307, 12),
('K000000102', '132', 'F', '2020', 2599, 2611, 12),
('K000000103', '133', 'F', '2020', 177, 190, 13),
('K000000104', '134', 'F', '2020', 351, 358, 7),
('K000000105', '135', 'F', '2020', 145, 146, 1),
('K000000106', '135', 'F', '2020', 146145, 146, -145999),
('K000000107', '136', 'F', '2020', 411, 420, 9),
('K000000108', '137', 'F', '2020', 213, 216, 3),
('K000000109', '138', 'F', '2020', 60, 61, 1),
('K000000110', '139', 'F', '2020', 26, 37, 11),
('K000000111', '84', 'F', '2020', 649, 656, 7),
('K000000112', '85', 'F', '2020', 702, 708, 6),
('K000000113', '86', 'F', '2020', 685, 695, 10),
('K000000114', '87', 'F', '2020', 1247, 1259, 12),
('K000000115', '88', 'F', '2020', 486, 491, 5),
('K000000116', '89', 'F', '2020', 458, 466, 8),
('K000000117', '90', 'F', '2020', 1203, 1208, 5),
('K000000118', '91', 'F', '2020', 99, 101, 2),
('K000000119', '92', 'F', '2020', 579, 583, 4),
('K000000120', '93', 'F', '2020', 667, 675, 8),
('K000000121', '94', 'F', '2020', 32, 35, 3),
('K000000122', '95', 'F', '2020', 540, 546, 6),
('K000000123', '96', 'F', '2020', 751, 765, 14),
('K000000124', '97', 'F', '2020', 1055, 1056, 1),
('K000000125', '98', 'F', '2020', 260, 270, 10),
('K000000126', '99', 'F', '2020', 459, 469, 10),
('K000000127', '100', 'F', '2020', 1706, 3, -1703),
('K000000128', '101', 'F', '2020', 100, 106, 6),
('K000000129', '103', 'F', '2020', 233, 241, 8),
('K000000130', '104', 'F', '2020', 120, 129, 9),
('K000000131', '105', 'F', '2020', 24, 25, 1),
('K000000132', '106', 'F', '2020', 110, 113, 3),
('K000000133', '107', 'F', '2020', 1856, 1907, 51),
('K000000134', '108', 'F', '2020', 872, 880, 8),
('K000000135', '109', 'F', '2020', 22, 24, 2),
('K000000136', '110', 'F', '2020', 494, 501, 7),
('K000000137', '111', 'F', '2020', 971, 3, -968),
('K000000138', '112', 'F', '2020', 428, 432, 4),
('K000000139', '113', 'F', '2020', 299, 307, 8),
('K000000140', '114', 'F', '2020', 209, 213, 4),
('K000000141', '115', 'G', '2020', 1328, 1, -1327),
('K000000142', '116', 'G', '2020', 976, 979, 3),
('K000000143', '117', 'G', '2020', 484, 536, 52),
('K000000144', '118', 'G', '2020', 1613, 1634, 21),
('K000000145', '119', 'G', '2020', 897, 913, 16),
('K000000147', '120', 'G', '2020', 717, 718, 1),
('K000000148', '121', 'G', '2020', 1532, 1546, 14),
('K000000149', '122', 'G', '2020', 702, 719, 17),
('K000000150', '123', 'G', '2020', 218, 327, 109),
('K000000151', '124', 'G', '2020', 435, 455, 20),
('K000000152', '125', 'G', '2020', 1183, 1197, 14),
('K000000153', '126', 'G', '2020', 213, 258, 45),
('K000000154', '127', 'G', '2020', 227, 240, 13),
('K000000155', '128', 'G', '2020', 89, 96, 7),
('K000000156', '129', 'G', '2020', 435, 467, 32),
('K000000157', '130', 'G', '2020', 1661, 1611, -50),
('K000000158', '131', 'G', '2020', 1307, 1327, 20),
('K000000159', '132', 'G', '2020', 2611, 2611, 0),
('K000000160', '133', 'G', '2020', 190, 205, 15),
('K000000161', '134', 'G', '2020', 358, 362, 4),
('K000000162', '135', 'G', '2020', 146, 150, 4),
('K000000163', '136', 'G', '2020', 420, 430, 10),
('K000000164', '137', 'G', '2020', 216, 229, 13),
('K000000167', '85', 'G', '2020', 708, 722, 14),
('K000000168', '86', 'G', '2020', 695, 693, -2),
('K000000169', '87', 'G', '2020', 1259, 1279, 20),
('K000000170', '88', 'G', '2020', 491, 497, 6),
('K000000171', '89', 'G', '2020', 466, 477, 11),
('K000000172', '90', 'G', '2020', 1208, 1219, 11),
('K000000173', '91', 'G', '2020', 101, 105, 4),
('K000000174', '92', 'G', '2020', 583, 591, 8),
('K000000175', '93', 'G', '2020', 675, 689, 14),
('K000000177', '96', 'G', '2020', 765, 769, 4),
('K000000178', '97', 'G', '2020', 1056, 1058, 2),
('K000000179', '98', 'G', '2020', 270, 286, 16),
('K000000180', '99', 'G', '2020', 469, 465, -4),
('K000000181', '100', 'G', '2020', 3, 178, 175),
('K000000182', '102', 'G', '2020', 441, 444, 3),
('K000000183', '103', 'G', '2020', 241, 255, 14),
('K000000184', '104', 'G', '2020', 129, 143, 14),
('K000000185', '105', 'G', '2020', 25, 28, 3),
('K000000186', '106', 'G', '2020', 113, 116, 3),
('K000000187', '107', 'G', '2020', 1907, 1907, 0),
('K000000188', '108', 'G', '2020', 880, 892, 12),
('K000000190', '111', 'G', '2020', 3, 16, 13),
('K000000191', '112', 'G', '2020', 432, 446, 14),
('K000000192', '113', 'G', '2020', 307, 311, 4),
('K000000193', '114', 'G', '2020', 213, 222, 9),
('K000000195', '51', 'G', '2020', 2, 7, 5),
('K000000196', '52', 'G', '2020', 1248, 1272, 24),
('K000000197', '53', 'G', '2020', 374, 31, -343),
('K000000198', '54', 'G', '2020', 1320, 1334, 14),
('K000000199', '55', 'G', '2020', 1805, 1817, 12),
('K000000200', '56', 'G', '2020', 1184, 1196, 12),
('K000000201', '57', 'G', '2020', 480, 498, 18),
('K000000202', '58', 'G', '2020', 1307, 1342, 35),
('K000000203', '59', 'G', '2020', 59, 79, 20),
('K000000204', '60', 'G', '2020', 404, 422, 18),
('K000000205', '123', 'G', '2020', 538, 0, -538),
('K000000206', '62', 'G', '2020', 596, 612, 16),
('K000000207', '63', 'G', '2020', 34, 52, 18),
('K000000208', '64', 'G', '2020', 680, 705, 25),
('K000000209', '65', 'G', '2020', 406, 444, 38),
('K000000210', '66', 'G', '2020', 784, 796, 12),
('K000000211', '67', 'G', '2020', 0, 0, 0),
('K000000212', '79', 'G', '2020', 672, 701, 29),
('K000000213', '69', 'G', '2020', 25, 33, 8),
('K000000214', '71', 'G', '2020', 547, 556, 9),
('K000000215', '72', 'G', '2020', 251, 274, 23),
('K000000216', '73', 'G', '2020', 1232, 1252, 20),
('K000000217', '74', 'G', '2020', 125, 135, 10),
('K000000218', '75', 'G', '2020', 233, 255, 22),
('K000000219', '76', 'G', '2020', 160, 171, 11),
('K000000222', '81', 'G', '2020', 37, 38, 1),
('K000000223', '82', 'G', '2020', 338, 357, 19),
('K000000224', '83', 'G', '2020', 226, 257, 31),
('K000000229', '140', 'G', '2020', 20, 30, 10),
('K000000230', '1', 'H', '2020', 685, 738, 53),
('K000000231', '2', 'H', '2020', 402, 409, 7),
('K000000232', '3', 'H', '2020', 1074, 1115, 41),
('K000000233', '5', 'H', '2020', 1230, 9, -1221),
('K000000234', '49', 'H', '2020', 203, 220, 17),
('K000000235', '7', 'H', '2020', 185, 194, 9),
('K000000236', '8', 'H', '2020', 164, 164, 0),
('K000000237', '9', 'H', '2020', 1656, 1675, 19),
('K000000238', '10', 'H', '2020', 1437, 1452, 15),
('K000000239', '11', 'H', '2020', 234, 246, 12),
('K000000240', '12', 'H', '2020', 145, 146, 1),
('K000000241', '14', 'H', '2020', 1335, 1335, 0),
('K000000242', '15', 'H', '2020', 2186, 2205, 19),
('K000000243', '16', 'H', '2020', 223, 244, 21),
('K000000244', '17', 'H', '2020', 125, 138, 13),
('K000000245', '18', 'H', '2020', 14, 29, 15),
('K000000246', '19', 'H', '2020', 116, 133, 17),
('K000000247', '21', 'H', '2020', 624, 639, 15),
('K000000248', '22', 'H', '2020', 180, 213, 33),
('K000000249', '23', 'H', '2020', 338, 338, 0),
('K000000250', '24', 'H', '2020', 46, 85, 39),
('K000000251', '25', 'H', '2020', 29, 47, 18),
('K000000252', '26', 'H', '2020', 336, 348, 12),
('K000000253', '27', 'H', '2020', 173, 202, 29),
('K000000254', '28', 'H', '2020', 171, 190, 19),
('K000000255', '29', 'H', '2020', 217, 255, 38),
('K000000256', '30', 'H', '2020', 118, 143, 25),
('K000000257', '31', 'H', '2020', 128, 148, 20),
('K000000258', '33', 'H', '2020', 1688, 1717, 29),
('K000000259', '34', 'H', '2020', 625, 636, 11),
('K000000260', '35', 'H', '2020', 788, 817, 29),
('K000000261', '36', 'H', '2020', 23, 26, 3),
('K000000262', '37', 'H', '2020', 107, 108, 1),
('K000000263', '38', 'H', '2020', 27, 35, 8),
('K000000264', '39', 'H', '2020', 488, 505, 17),
('K000000265', '40', 'H', '2020', 19, 35, 16),
('K000000266', '42', 'H', '2020', 409, 413, 4),
('K000000267', '43', 'H', '2020', 264, 300, 36),
('K000000268', '44', 'H', '2020', 231, 233, 2),
('K000000269', '45', 'H', '2020', 382, 383, 1),
('K000000270', '46', 'H', '2020', 330, 358, 28),
('K000000271', '47', 'H', '2020', 42, 44, 2),
('K000000272', '48', 'H', '2020', 160, 169, 9),
('K000000273', '49', 'H', '2020', 148, 170, 22),
('K000000274', '84', 'H', '2020', 667, 685, 18),
('K000000275', '85', 'H', '2020', 722, 744, 22),
('K000000276', '86', 'H', '2020', 693, 702, 9),
('K000000277', '87', 'H', '2020', 1279, 1302, 23),
('K000000278', '88', 'H', '2020', 497, 509, 12),
('K000000279', '89', 'H', '2020', 477, 494, 17),
('K000000280', '90', 'H', '2020', 1219, 1233, 14),
('K000000281', '91', 'H', '2020', 105, 118, 13),
('K000000282', '92', 'H', '2020', 591, 606, 15),
('K000000283', '93', 'H', '2020', 689, 709, 20),
('K000000284', '94', 'H', '2020', 40, 47, 7),
('K000000285', '95', 'H', '2020', 555, 573, 18),
('K000000286', '96', 'H', '2020', 769, 776, 7),
('K000000287', '97', 'H', '2020', 1058, 1064, 6),
('K000000288', '98', 'H', '2020', 286, 312, 26),
('K000000289', '99', 'H', '2020', 465, 470, 5),
('K000000290', '100', 'H', '2020', 17, 36, 19),
('K000000291', '101', 'H', '2020', 116, 131, 15),
('K000000292', '102', 'H', '2020', 444, 452, 8),
('K000000293', '103', 'H', '2020', 255, 273, 18),
('K000000294', '104', 'H', '2020', 143, 163, 20),
('K000000295', '105', 'H', '2020', 28, 44, 16),
('K000000296', '106', 'H', '2020', 116, 127, 11),
('K000000297', '107', 'H', '2020', 1907, 1907, 0),
('K000000298', '108', 'H', '2020', 892, 914, 22),
('K000000299', '109', 'H', '2020', 26, 29, 3),
('K000000300', '110', 'H', '2020', 509, 519, 10),
('K000000301', '111', 'H', '2020', 16, 37, 21),
('K000000302', '112', 'H', '2020', 446, 462, 16),
('K000000303', '113', 'H', '2020', 311, 317, 6),
('K000000304', '114', 'H', '2020', 222, 247, 25),
('K000000305', '138', 'H', '2020', 69, 72, 3),
('K000000306', '50', 'H', '2020', 3, 4, 1),
('K000000307', '52', 'H', '2020', 1272, 1294, 22),
('K000000308', '53', 'H', '2020', 31, 78, 47),
('K000000309', '54', 'H', '2020', 1334, 1355, 21),
('K000000310', '55', 'H', '2020', 1817, 1830, 13),
('K000000311', '56', 'H', '2020', 1196, 1217, 21),
('K000000312', '57', 'H', '2020', 498, 512, 14),
('K000000313', '58', 'H', '2020', 1342, 1367, 25),
('K000000314', '59', 'H', '2020', 79, 117, 38),
('K000000315', '60', 'H', '2020', 422, 443, 21),
('K000000316', '62', 'H', '2020', 612, 628, 16),
('K000000317', '63', 'H', '2020', 52, 71, 19),
('K000000318', '64', 'H', '2020', 705, 726, 21),
('K000000319', '65', 'H', '2020', 444, 481, 37),
('K000000320', '66', 'H', '2020', 796, 805, 9),
('K000000321', '79', 'H', '2020', 701, 725, 24),
('K000000322', '69', 'H', '2020', 33, 38, 5),
('K000000323', '70', 'H', '2020', 156, 172, 16),
('K000000324', '71', 'H', '2020', 556, 563, 7),
('K000000325', '72', 'H', '2020', 274, 295, 21),
('K000000326', '73', 'H', '2020', 1252, 8, -1244),
('K000000327', '74', 'H', '2020', 135, 143, 8),
('K000000328', '75', 'H', '2020', 255, 289, 34),
('K000000329', '76', 'H', '2020', 171, 186, 15),
('K000000330', '139', 'G', '2020', 37, 54, 17),
('K000000331', '78', 'F', '2020', 0, 106, 106),
('K000000332', '78', 'G', '2020', 106, 10, -96),
('K000000333', '94', 'G', '2020', 35, 40, 5),
('K000000334', '68', 'G', '2020', 33, 43, 10),
('K000000335', '138', 'G', '2020', 61, 69, 8),
('K000000336', '109', 'G', '2020', 24, 26, 2),
('K000000337', '77', 'G', '2020', 359, 18, -341),
('K000000338', '77', 'H', '2020', 18, 31, 13),
('K000000339', '78', 'H', '2020', 10, 20, 10),
('K000000340', '68', 'H', '2020', 43, 53, 10),
('K000000341', '80', 'H', '2020', 168, 171, 3),
('K000000342', '81', 'H', '2020', 38, 38, 0),
('K000000343', '82', 'H', '2020', 357, 375, 18),
('K000000344', '83', 'H', '2020', 257, 288, 31),
('K000000345', '140', 'H', '2020', 30, 42, 12),
('K000000346', '115', 'H', '2020', 1, 1, 0),
('K000000347', '116', 'H', '2020', 979, 986, 7),
('K000000348', '117', 'H', '2020', 536, 594, 58),
('K000000349', '118', 'H', '2020', 1634, 1652, 18),
('K000000350', '119', 'H', '2020', 913, 921, 8),
('K000000351', '120', 'H', '2020', 718, 725, 7),
('K000000352', '121', 'H', '2020', 1546, 1558, 12),
('K000000353', '122', 'H', '2020', 719, 737, 18),
('K000000354', '123', 'H', '2020', 327, 256, -71),
('K000000355', '124', 'H', '2020', 455, 477, 22),
('K000000356', '125', 'H', '2020', 197, 1210, 1013),
('K000000357', '126', 'H', '2020', 258, 311, 53),
('K000000358', '127', 'H', '2020', 240, 245, 5),
('K000000359', '128', 'H', '2020', 96, 102, 6),
('K000000360', '129', 'H', '2020', 467, 500, 33),
('K000000361', '131', 'H', '2020', 1327, 1345, 18),
('K000000362', '133', 'H', '2020', 205, 219, 14),
('K000000363', '134', 'H', '2020', 362, 373, 11),
('K000000364', '135', 'H', '2020', 150, 150, 0),
('K000000365', '136', 'H', '2020', 430, 443, 13),
('K000000366', '137', 'H', '2020', 229, 237, 8),
('K000000367', '139', 'H', '2020', 54, 76, 22),
('K000000368', '1', 'I', '2020', 738, 793, 55),
('K000000369', '2', 'I', '2020', 409, 419, 10),
('K000000370', '3', 'I', '2020', 1115, 1138, 23),
('K000000371', '4', 'I', '2020', 278, 292, 14),
('K000000372', '5', 'I', '2020', 971, 17, -954),
('K000000373', '49', 'I', '2020', 220, 234, 14),
('K000000374', '7', 'I', '2020', 194, 200, 6),
('K000000375', '9', 'I', '2020', 1675, 1707, 32),
('K000000376', '10', 'I', '2020', 1452, 1469, 17),
('K000000377', '11', 'I', '2020', 246, 255, 9),
('K000000378', '12', 'I', '2020', 146, 150, 4),
('K000000379', '13', 'I', '2020', 622, 635, 13),
('K000000380', '14', 'I', '2020', 1335, 1335, 0),
('K000000381', '15', 'I', '2020', 2205, 2222, 17),
('K000000382', '16', 'I', '2020', 244, 264, 20),
('K000000383', '17', 'I', '2020', 138, 152, 14),
('K000000384', '18', 'I', '2020', 299, 47, -252),
('K000000385', '19', 'I', '2020', 133, 150, 17),
('K000000386', '21', 'I', '2020', 639, 657, 18),
('K000000387', '22', 'I', '2020', 213, 253, 40),
('K000000388', '23', 'I', '2020', 338, 358, 20),
('K000000389', '24', 'I', '2020', 85, 120, 35),
('K000000390', '25', 'I', '2020', 47, 66, 19),
('K000000391', '26', 'I', '2020', 348, 358, 10),
('K000000392', '27', 'I', '2020', 202, 235, 33),
('K000000393', '28', 'I', '2020', 190, 207, 17),
('K000000394', '29', 'I', '2020', 255, 295, 40),
('K000000395', '30', 'I', '2020', 143, 169, 26),
('K000000396', '31', 'I', '2020', 148, 167, 19),
('K000000397', '33', 'I', '2020', 1717, 1748, 31),
('K000000398', '34', 'I', '2020', 636, 652, 16),
('K000000399', '35', 'I', '2020', 817, 844, 27),
('K000000400', '36', 'I', '2020', 264, 28, -236),
('K000000401', '37', 'I', '2020', 108, 111, 3),
('K000000402', '38', 'I', '2020', 359, 43, -316),
('K000000403', '39', 'I', '2020', 505, 519, 14),
('K000000404', '40', 'I', '2020', 358, 48, -310),
('K000000405', '42', 'I', '2020', 413, 423, 10),
('K000000406', '43', 'I', '2020', 300, 324, 24),
('K000000407', '44', 'I', '2020', 233, 242, 9),
('K000000408', '46', 'I', '2020', 358, 387, 29),
('K000000409', '47', 'I', '2020', 446, 49, -397),
('K000000410', '48', 'I', '2020', 169, 193, 24),
('K000000411', '49', 'I', '2020', 170, 180, 10),
('K000000412', '50', 'I', '2020', 40, 5, -35),
('K000000413', '52', 'I', '2020', 1294, 1314, 20),
('K000000414', '53', 'I', '2020', 78, 113, 35),
('K000000415', '54', 'I', '2020', 1355, 1371, 16),
('K000000416', '55', 'I', '2020', 1830, 1840, 10),
('K000000417', '56', 'I', '2020', 1217, 1220, 3),
('K000000418', '57', 'I', '2020', 512, 527, 15),
('K000000419', '58', 'I', '2020', 1367, 1388, 21),
('K000000420', '59', 'I', '2020', 117, 149, 32),
('K000000421', '60', 'I', '2020', 443, 464, 21),
('K000000422', '123', 'I', '2020', 597, 611, 14),
('K000000423', '62', 'I', '2020', 628, 642, 14),
('K000000424', '63', 'I', '2020', 719, 90, -629),
('K000000425', '64', 'I', '2020', 726, 740, 14),
('K000000426', '65', 'I', '2020', 481, 509, 28),
('K000000427', '66', 'I', '2020', 805, 814, 9),
('K000000428', '79', 'I', '2020', 725, 744, 19),
('K000000429', '69', 'I', '2020', 389, 50, -339),
('K000000430', '70', 'I', '2020', 172, 187, 15),
('K000000431', '71', 'I', '2020', 563, 577, 14),
('K000000432', '72', 'I', '2020', 295, 319, 24),
('K000000433', '73', 'I', '2020', 872, 17, -855),
('K000000434', '74', 'I', '2020', 143, 151, 8),
('K000000435', '75', 'I', '2020', 289, 310, 21),
('K000000436', '76', 'I', '2020', 186, 194, 8),
('K000000437', '77', 'I', '2020', 31, 51, 20),
('K000000438', '78', 'I', '2020', 207, 28, -179),
('K000000439', '68', 'I', '2020', 53, 61, 8),
('K000000440', '80', 'I', '2020', 171, 174, 3),
('K000000441', '81', 'I', '2020', 382, 39, -343),
('K000000442', '82', 'I', '2020', 375, 390, 15),
('K000000443', '83', 'I', '2020', 288, 308, 20),
('K000000444', '140', 'I', '2020', 428, 47, -381),
('K000000445', '84', 'I', '2020', 685, 700, 15),
('K000000446', '85', 'I', '2020', 744, 761, 17),
('K000000447', '86', 'I', '2020', 702, 709, 7),
('K000000448', '87', 'I', '2020', 1302, 1327, 25),
('K000000449', '88', 'I', '2020', 509, 515, 6),
('K000000450', '89', 'I', '2020', 494, 505, 11),
('K000000451', '90', 'I', '2020', 1233, 1239, 6),
('K000000452', '91', 'I', '2020', 1184, 142, -1042),
('K000000453', '92', 'I', '2020', 606, 618, 12),
('K000000454', '93', 'I', '2020', 709, 733, 24),
('K000000455', '94', 'I', '2020', 47, 52, 5),
('K000000456', '95', 'I', '2020', 573, 584, 11),
('K000000457', '96', 'I', '2020', 776, 782, 6),
('K000000458', '98', 'I', '2020', 312, 334, 22),
('K000000459', '99', 'I', '2020', 470, 482, 12),
('K000000460', '100', 'I', '2020', 36, 51, 15),
('K000000461', '101', 'I', '2020', 131, 142, 11),
('K000000462', '102', 'I', '2020', 452, 463, 11),
('K000000463', '103', 'I', '2020', 273, 285, 12),
('K000000464', '104', 'I', '2020', 163, 177, 14),
('K000000465', '105', 'I', '2020', 44, 49, 5),
('K000000466', '106', 'I', '2020', 127, 145, 18),
('K000000467', '107', 'I', '2020', 1907, 1907, 0),
('K000000468', '108', 'I', '2020', 914, 930, 16),
('K000000469', '109', 'I', '2020', 29, 32, 3),
('K000000470', '110', 'I', '2020', 519, 525, 6),
('K000000471', '111', 'I', '2020', 37, 52, 15),
('K000000472', '112', 'I', '2020', 462, 475, 13),
('K000000473', '113', 'I', '2020', 317, 324, 7),
('K000000474', '114', 'I', '2020', 247, 259, 12),
('K000000475', '138', 'I', '2020', 728, 75, -653),
('K000000476', '115', 'I', '2020', 116, 13, -103),
('K000000477', '116', 'I', '2020', 986, 991, 5),
('K000000478', '117', 'I', '2020', 594, 628, 34),
('K000000479', '118', 'I', '2020', 1652, 1674, 22),
('K000000480', '119', 'I', '2020', 921, 936, 15),
('K000000481', '120', 'I', '2020', 725, 743, 18),
('K000000482', '121', 'I', '2020', 1558, 1573, 15),
('K000000483', '122', 'I', '2020', 737, 752, 15),
('K000000484', '123', 'I', '2020', 256, 272, 16),
('K000000485', '124', 'I', '2020', 477, 492, 15),
('K000000486', '125', 'I', '2020', 1210, 1221, 11),
('K000000487', '126', 'I', '2020', 311, 355, 44),
('K000000488', '127', 'I', '2020', 245, 252, 7),
('K000000489', '128', 'I', '2020', 102, 109, 7),
('K000000490', '129', 'I', '2020', 500, 525, 25),
('K000000491', '131', 'I', '2020', 1345, 1359, 14),
('K000000492', '133', 'I', '2020', 219, 234, 15),
('K000000493', '134', 'I', '2020', 373, 388, 15),
('K000000494', '135', 'I', '2020', 150, 151, 1),
('K000000495', '136', 'I', '2020', 443, 452, 9),
('K000000496', '137', 'I', '2020', 237, 245, 8),
('K000000497', '139', 'I', '2020', 76, 98, 22),
('K000000498', '141', 'I', '2020', 1064, 1067, 3),
('K000000499', '1', 'J', '2020', 793, 858, 65),
('K000000500', '2', 'J', '2020', 419, 437, 18),
('K000000501', '3', 'J', '2020', 1138, 1151, 13),
('K000000502', '4', 'J', '2020', 292, 311, 19),
('K000000503', '5', 'J', '2020', 17, 26, 9),
('K000000505', '7', 'J', '2020', 200, 208, 8),
('K000000506', '9', 'J', '2020', 1707, 1738, 31),
('K000000507', '10', 'J', '2020', 1469, 1485, 16),
('K000000508', '11', 'J', '2020', 255, 267, 12),
('K000000509', '12', 'J', '2020', 150, 160, 10),
('K000000510', '13', 'J', '2020', 635, 648, 13),
('K000000511', '14', 'J', '2020', 1335, 1336, 1),
('K000000512', '15', 'J', '2020', 2222, 2245, 23),
('K000000513', '16', 'J', '2020', 264, 284, 20),
('K000000514', '17', 'J', '2020', 152, 172, 20),
('K000000515', '18', 'J', '2020', 47, 63, 16),
('K000000516', '19', 'J', '2020', 150, 167, 17),
('K000000517', '24', 'J', '2020', 120, 158, 38),
('K000000518', '25', 'J', '2020', 66, 93, 27),
('K000000519', '26', 'J', '2020', 358, 360, 2),
('K000000520', '27', 'J', '2020', 235, 274, 39),
('K000000521', '28', 'J', '2020', 207, 227, 20),
('K000000522', '29', 'J', '2020', 295, 337, 42),
('K000000523', '30', 'J', '2020', 169, 200, 31),
('K000000524', '31', 'J', '2020', 167, 188, 21),
('K000000525', '33', 'J', '2020', 1748, 1782, 34),
('K000000526', '34', 'J', '2020', 652, 673, 21),
('K000000527', '35', 'J', '2020', 844, 873, 29),
('K000000528', '37', 'J', '2020', 111, 112, 1),
('K000000529', '38', 'J', '2020', 43, 57, 14),
('K000000530', '39', 'J', '2020', 519, 538, 19),
('K000000531', '40', 'J', '2020', 48, 66, 18),
('K000000532', '42', 'J', '2020', 423, 445, 22),
('K000000533', '43', 'J', '2020', 324, 359, 35),
('K000000534', '44', 'J', '2020', 242, 252, 10),
('K000000535', '46', 'J', '2020', 387, 421, 34),
('K000000536', '47', 'J', '2020', 49, 58, 9),
('K000000537', '48', 'J', '2020', 193, 228, 35),
('K000000538', '49', 'J', '2020', 180, 196, 16),
('K000000539', '52', 'J', '2020', 1314, 1335, 21),
('K000000540', '53', 'J', '2020', 113, 133, 20),
('K000000541', '54', 'J', '2020', 1371, 1394, 23),
('K000000542', '55', 'J', '2020', 1840, 1851, 11),
('K000000543', '56', 'J', '2020', 1220, 1231, 11),
('K000000544', '57', 'J', '2020', 527, 549, 22),
('K000000545', '58', 'J', '2020', 1388, 1416, 28),
('K000000546', '59', 'J', '2020', 149, 173, 24),
('K000000547', '60', 'J', '2020', 464, 486, 22),
('K000000548', '123', 'J', '2020', 611, 641, 30),
('K000000549', '62', 'J', '2020', 642, 658, 16),
('K000000550', '63', 'J', '2020', 90, 107, 17),
('K000000551', '64', 'J', '2020', 740, 754, 14),
('K000000552', '65', 'J', '2020', 509, 540, 31),
('K000000553', '66', 'J', '2020', 814, 824, 10),
('K000000554', '79', 'J', '2020', 744, 766, 22),
('K000000555', '69', 'J', '2020', 50, 58, 8),
('K000000556', '70', 'J', '2020', 187, 205, 18),
('K000000557', '71', 'J', '2020', 577, 593, 16),
('K000000558', '72', 'J', '2020', 319, 346, 27),
('K000000559', '74', 'J', '2020', 151, 161, 10),
('K000000560', '75', 'J', '2020', 310, 341, 31),
('K000000561', '76', 'J', '2020', 194, 204, 10),
('K000000562', '77', 'J', '2020', 51, 67, 16),
('K000000563', '78', 'J', '2020', 28, 38, 10),
('K000000564', '80', 'J', '2020', 174, 178, 4),
('K000000565', '81', 'J', '2020', 39, 40, 1),
('K000000566', '82', 'J', '2020', 390, 411, 21),
('K000000567', '83', 'J', '2020', 308, 327, 19),
('K000000568', '140', 'J', '2020', 47, 54, 7),
('K000000569', '84', 'J', '2020', 700, 714, 14),
('K000000570', '85', 'J', '2020', 761, 779, 18),
('K000000571', '86', 'J', '2020', 702, 717, 15),
('K000000572', '87', 'J', '2020', 1327, 1351, 24),
('K000000573', '88', 'J', '2020', 515, 524, 9),
('K000000574', '89', 'J', '2020', 505, 518, 13),
('K000000575', '90', 'J', '2020', 1239, 1248, 9),
('K000000576', '91', 'J', '2020', 142, 162, 20),
('K000000577', '92', 'J', '2020', 618, 632, 14),
('K000000578', '93', 'J', '2020', 733, 742, 9),
('K000000579', '94', 'J', '2020', 52, 65, 13),
('K000000580', '95', 'J', '2020', 584, 594, 10),
('K000000581', '96', 'J', '2020', 782, 789, 7),
('K000000582', '141', 'J', '2020', 1067, 1069, 2),
('K000000583', '98', 'J', '2020', 334, 356, 22),
('K000000584', '99', 'J', '2020', 482, 485, 3),
('K000000585', '100', 'J', '2020', 51, 65, 14),
('K000000586', '101', 'J', '2020', 142, 153, 11),
('K000000587', '102', 'J', '2020', 463, 471, 8),
('K000000588', '103', 'J', '2020', 285, 302, 17),
('K000000589', '104', 'J', '2020', 177, 192, 15),
('K000000590', '105', 'J', '2020', 49, 54, 5),
('K000000591', '106', 'J', '2020', 145, 159, 14),
('K000000592', '107', 'J', '2020', 1907, 1908, 1),
('K000000593', '108', 'J', '2020', 930, 945, 15),
('K000000594', '110', 'J', '2020', 525, 529, 4),
('K000000595', '111', 'J', '2020', 52, 65, 13),
('K000000596', '112', 'J', '2020', 475, 486, 11),
('K000000597', '113', 'J', '2020', 317, 336, 19),
('K000000598', '114', 'J', '2020', 259, 282, 23),
('K000000599', '138', 'J', '2020', 75, 77, 2),
('K000000600', '115', 'J', '2020', 13, 45, 32),
('K000000601', '116', 'J', '2020', 991, 996, 5),
('K000000602', '117', 'J', '2020', 628, 640, 12),
('K000000603', '118', 'J', '2020', 1674, 1692, 18),
('K000000604', '119', 'J', '2020', 936, 943, 7),
('K000000605', '120', 'J', '2020', 743, 752, 9),
('K000000606', '121', 'J', '2020', 1573, 1598, 25),
('K000000607', '122', 'J', '2020', 752, 767, 15),
('K000000608', '123', 'J', '2020', 272, 289, 17),
('K000000609', '124', 'J', '2020', 492, 505, 13),
('K000000610', '125', 'J', '2020', 1221, 1232, 11);

-- --------------------------------------------------------

--
-- Table structure for table `tb_pelanggan`
--

CREATE TABLE `tb_pelanggan` (
  `id_pelanggan` char(15) NOT NULL,
  `nama_pelanggan` varchar(20) NOT NULL,
  `alamat` varchar(40) NOT NULL,
  `no_hp` char(15) NOT NULL,
  `status` char(10) NOT NULL DEFAULT 'Aktif',
  `id_layanan` int(11) NOT NULL
) ENGINE=InnoDB DEFAULT CHARSET=latin1;

--
-- Dumping data for table `tb_pelanggan`
--

INSERT INTO `tb_pelanggan` (`id_pelanggan`, `nama_pelanggan`, `alamat`, `no_hp`, `status`, `id_layanan`) VALUES
('1', 'BENGKEL LAS MURI', 'GODO', '0', 'Aktif', 1),
('10', 'JAMIONO', 'GODO', '0', 'Aktif', 1),
('100', 'MUHAJIRIN', 'JETAK', '0', 'Aktif', 1),
('101', 'A. SAHIR', 'JETAK', '0', 'Aktif', 1),
('102', 'ANDRIWAN', 'JETAK', '0', 'Aktif', 1),
('103', 'SUBAIDI', 'JETAK', '0', 'Aktif', 1),
('104', 'KURBIL AHMAD', 'JETAK', '0', 'Aktif', 1),
('105', 'MUNDIR', 'JETAK', '0', 'Aktif', 1),
('106', 'H. IKHSAN', 'JETAK', '0', 'Aktif', 1),
('107', 'AMBARSAH KUSNAN', 'JETAK', '0', 'Aktif', 1),
('108', 'Z. MAKHASIN', 'JETAK', '0', 'Aktif', 1),
('109', 'PUJI PURWANTO', 'JETAK', '0', 'Aktif', 1),
('11', 'SUPANGAT', 'GODO', '0', 'Aktif', 1),
('110', 'MBAH MUNISAH', 'JETAK', '0', 'Aktif', 1),
('111', 'ARIFIN', 'JETAK', '0', 'Aktif', 1),
('112', 'SUKANI/EMI', 'JETAK', '0', 'Aktif', 1),
('113', 'KUSWATUN', 'JETAK', '0', 'Aktif', 1),
('114', 'ADEL', 'JETAK', '0', 'Aktif', 1),
('115', 'MULYO SANTOSO', 'KIRINGAN 02/04', '0', 'Aktif', 1),
('116', 'JUDI', 'KIRINGAN 02/04', '0', 'Aktif', 1),
('117', 'HARTONO', 'KIRINGAN 02/04', '0', 'Aktif', 1),
('118', 'SUMIATI', 'KIRINGAN 02/04', '0', 'Aktif', 1),
('119', 'SUYONO', 'KIRINGAN 02/04', '0', 'Aktif', 1),
('12', 'SODIQ', 'GODO', '0', 'Aktif', 1),
('120', 'JUDIANTO', 'KIRINGAN 02/04', '0', 'Aktif', 1),
('121', 'JOKO KOSIM/TAMBAK', 'KIRINGAN 02/04', '0', 'Aktif', 1),
('122', 'MNURHADI', 'KIRINGAN 02/04', '0', 'Aktif', 1),
('123', 'MUNADI', 'KIRINGAN 02/04', '0', 'Aktif', 1),
('124', 'GUNARI', 'KIRINGAN 02/04', '0', 'Aktif', 1),
('125', 'WARNOTO', 'KIRINGAN 02/04', '0', 'Aktif', 1),
('126', 'SAHLAN EKO W/ENDRA', 'KIRINGAN 02/04', '0', 'Aktif', 1),
('127', 'AGUNG WINARNO', 'KIRINGAN 02/04', '0', 'Aktif', 1),
('128', 'EDI SUKARDI', 'KIRINGAN 02/04', '0', 'Aktif', 1),
('129', 'MUJIBURROHMAN', 'KIRINGAN 02/04', '0', 'Aktif', 1),
('13', 'RUKAYAH', 'GODO', '0', 'Aktif', 1),
('130', 'H. HUDA', 'KIRINGAN 02/04', '0', 'Aktif', 1),
('131', 'ASEP S.', 'KIRINGAN 02/04', '0', 'Aktif', 1),
('132', 'SULISTIYONO/MEBEL', 'KIRINGAN 02/04', '0', 'Aktif', 1),
('133', 'SUMADI', 'KIRINGAN 02/04', '0', 'Aktif', 1),
('134', 'BUDIYONO', 'KIRINGAN 02/04', '0', 'Aktif', 1),
('135', 'PUJIYONO', 'KIRINGAN 02/04', '0', 'Aktif', 1),
('136', 'SRI BONDAN KISWORO', 'KIRINGAN 02/04', '0', 'Aktif', 1),
('137', 'SOLIKIN', 'KIRINGAN 02/04', '0', 'Aktif', 1),
('138', 'TPS 3 R', 'KIRINGAN 02/04', '0', 'Aktif', 1),
('139', 'ABDUL HALIM', 'KIRINGAN 01/04', '0', 'Aktif', 1),
('14', 'NURLINA FASIKHAH', 'GODO', '0', 'Aktif', 1),
('140', 'JAEMAN', 'BELAH', '0', 'Aktif', 1),
('141', 'MUSLIH', 'JETAK', '0', 'Aktif', 1),
('15', 'ABRORI', 'GODO', '0', 'Aktif', 1),
('16', 'SUKENI', 'GODO', '0', 'Aktif', 1),
('17', 'MUSAFAK', 'GODO', '0', 'Aktif', 1),
('18', 'SUPARDI', 'GODO', '0', 'Aktif', 1),
('19', 'PANDU MUSTAKIMAH', 'GODO', '0', 'Aktif', 1),
('2', 'WARUNG JONI', 'GODO', '0', 'Aktif', 1),
('20', 'DARMAJI', 'GODO', '0', 'Aktif', 1),
('21', 'MUNDOKIR', 'GODO', '0', 'Aktif', 1),
('22', 'SARMODAN', 'GODO', '0', 'Aktif', 1),
('23', 'H. MUNAWARUDIN', 'GODO', '0', 'Aktif', 1),
('24', 'MASRUF', 'GODO', '0', 'Aktif', 1),
('25', 'ZAENAL ARIFIN', 'GODO', '0', 'Aktif', 1),
('26', 'BAMBANG', 'GODO', '0', 'Aktif', 1),
('27', 'SUYUTI', 'GODO', '0', 'Aktif', 1),
('28', 'ABDUL ROKHIM', 'GODO', '0', 'Aktif', 1),
('29', 'JUWARIYAH', 'GODO', '0', 'Aktif', 1),
('3', 'TRI JIYANTI', 'GODO', '0', 'Aktif', 1),
('30', 'MUNTHOHID', 'GODO', '0', 'Aktif', 1),
('31', 'KAMTO', 'GODO', '0', 'Aktif', 1),
('32', 'MUSTIATIN', 'GODO', '0', 'Aktif', 1),
('33', 'SUHUT', 'GODO', '0', 'Aktif', 1),
('34', 'UMI ROSIDAH', 'GODO', '0', 'Aktif', 1),
('35', 'TEMOK ROSADI', 'GODO', '0', 'Aktif', 1),
('36', 'PAUD AL-MUBAROK', 'GODO', '0', 'Aktif', 1),
('37', 'MADIN MIFT-SALAM', 'GODO', '0', 'Aktif', 1),
('38', 'ALI IMRON', 'GODO', '0', 'Aktif', 1),
('39', 'JASMADI', 'GODO', '0', 'Aktif', 1),
('4', 'MAHMUDI', 'GODO', '0', 'Aktif', 1),
('40', 'SOFIAN', 'GODO', '0', 'Aktif', 1),
('41', 'ABIDIN', 'GODO', '0', 'Aktif', 1),
('42', 'FARIDHON', 'GODO', '0', 'Aktif', 1),
('43', 'ALI MUSTAIN', 'GODO', '0', 'Aktif', 1),
('44', 'BAIDAH', 'GODO', '0', 'Aktif', 1),
('45', 'WR KARANGJAHE', 'GODO', '0', 'Aktif', 1),
('46', 'TASLIM', 'GODO', '0', 'Aktif', 1),
('47', 'SELAMET GODO', 'GODO', '0', 'Aktif', 1),
('48', 'PADIMAN', 'GODO', '0', 'Aktif', 1),
('49', 'Drs. NURSALIM', 'GODO', '0', 'Aktif', 1),
('5', 'NUR KHOLIS', 'GODO', '0', 'Aktif', 1),
('50', 'SDN PUNJULHARJO', 'BELAH', '0', 'Aktif', 1),
('51', 'BPD/LPMD', 'BELAH', '0', 'Aktif', 1),
('52', 'LASMIDI', 'BELAH', '0', 'Aktif', 1),
('53', 'USWATUN HASANAH', 'BELAH', '0', 'Aktif', 1),
('54', 'MARJUKI', 'BELAH', '0', 'Aktif', 1),
('55', 'TULISTYO R', 'BELAH', '0', 'Aktif', 1),
('56', 'YAHMIN', 'BELAH', '0', 'Aktif', 1),
('57', 'SUMARNO', 'BELAH', '0', 'Aktif', 1),
('58', 'SUHADI', 'BELAH', '0', 'Aktif', 1),
('59', 'TAUFIK', 'BELAH', '0', 'Aktif', 1),
('6', 'NURSALIM', 'GODO', '0', 'Aktif', 1),
('60', 'MAKSUM', 'BELAH', '0', 'Aktif', 1),
('61', 'MUNADI', 'BELAH', '0', 'Aktif', 1),
('62', 'NUR KHOZIN', 'BELAH', '0', 'Aktif', 1),
('63', 'SUWANDI', 'BELAH', '0', 'Aktif', 1),
('64', 'SIH ERNAWATI', 'BELAH', '0', 'Aktif', 1),
('65', 'TEGUH PRIYONO', 'BELAH', '0', 'Aktif', 1),
('66', 'MUGIONO', 'BELAH', '0', 'Aktif', 1),
('67', 'SUPAHAM', 'BELAH', '0', 'Aktif', 1),
('68', 'ROJIKIN', 'BELAH', '0', 'Aktif', 1),
('69', 'SATARI', 'BELAH', '0', 'Aktif', 1),
('7', 'KURDI', 'GODO', '0', 'Aktif', 1),
('70', 'RUKANI', 'BELAH', '0', 'Aktif', 1),
('71', 'KUSNADI', 'BELAH', '0', 'Aktif', 1),
('72', 'SUTRISNO', 'BELAH', '0', 'Aktif', 1),
('73', 'SUMINDAR', 'BELAH', '0', 'Aktif', 1),
('74', 'NURWANTO', 'BELAH', '0', 'Aktif', 1),
('75', 'ANWAR', 'BELAH', '0', 'Aktif', 1),
('76', 'NGALIM', 'BELAH', '0', 'Aktif', 1),
('77', 'M SAFII', 'BELAH', '0', 'Aktif', 1),
('78', 'ADIB', 'BELAH', '0', 'Aktif', 1),
('79', 'SITI KHOMIDAH', 'BELAH', '0', 'Aktif', 1),
('8', 'TASULI', 'GODO', '0', 'Aktif', 1),
('80', 'WARUNG WAKIJAN', 'BELAH', '0', 'Aktif', 1),
('81', 'AGUS SEGKRI', 'BELAH', '0', 'Aktif', 1),
('82', 'EKO MULYANTO', 'BELAH', '0', 'Aktif', 1),
('83', 'MUNDIKAH', 'BELAH', '0', 'Aktif', 1),
('84', 'JAYADI MILUN', 'JETAK', '0', 'Aktif', 1),
('85', 'CHOIRON', 'JETAK', '0', 'Aktif', 1),
('86', 'MUSOLLA BMT', 'JETAK', '0', 'Aktif', 1),
('87', 'ALI NUKMAN', 'JETAK', '0', 'Aktif', 1),
('88', 'PUJI/SALIM', 'JETAK', '0', 'Aktif', 1),
('89', 'SUKIYONO', 'JETAK', '0', 'Aktif', 1),
('9', 'PARIJAN RT', 'GODO', '0', 'Aktif', 1),
('90', 'KAPSAH / SUKARDI', 'JETAK', '0', 'Aktif', 1),
('91', 'ABDUL ROSYID', 'JETAK', '0', 'Aktif', 1),
('92', 'KASBAN', 'JETAK', '0', 'Aktif', 1),
('93', 'SUKIRNO', 'JETAK', '0', 'Aktif', 1),
('94', 'ABDUL KHAMID', 'JETAK', '0', 'Aktif', 1),
('95', 'SUMARDI', 'JETAK', '0', 'Aktif', 1),
('96', 'ABDUL KARIMM', 'JETAK', '0', 'Aktif', 1),
('97', 'MUSLIKAH', 'JETAK', '0', 'Aktif', 1),
('98', 'PURNADI', 'JETAK', '0', 'Aktif', 1),
('99', 'MUSOLLA UMMI', 'JETAK', '0', 'Aktif', 1);

-- --------------------------------------------------------

--
-- Table structure for table `tb_pembayaran`
--

CREATE TABLE `tb_pembayaran` (
  `id_tagihan` int(11) NOT NULL,
  `tgl_bayar` date NOT NULL,
  `uang_bayar` int(11) NOT NULL,
  `kembali` int(11) NOT NULL
) ENGINE=InnoDB DEFAULT CHARSET=latin1;

--
-- Dumping data for table `tb_pembayaran`
--

INSERT INTO `tb_pembayaran` (`id_tagihan`, `tgl_bayar`, `uang_bayar`, `kembali`) VALUES
(204, '2020-10-27', 150000, 27000),
(329, '2020-10-28', 16000, 0),
(243, '2020-10-28', 30000, 0),
(216, '2020-10-28', 18000, 0),
(321, '2020-10-28', 16000, 0),
(323, '2020-10-28', 16000, 0),
(293, '2020-10-28', 16000, 0),
(291, '2020-10-28', 22000, 0),
(292, '2020-10-28', 16000, 0),
(305, '2020-10-28', 20000, 0),
(249, '2020-10-28', 20000, 4000),
(322, '2020-10-28', 20000, 4000),
(336, '2020-10-28', 129000, 0),
(306, '2020-10-28', 22000, 0),
(224, '2020-10-28', 18000, 0),
(206, '2020-10-28', 78000, 0),
(258, '2020-10-28', 24000, 0),
(215, '2020-10-28', 16000, 0),
(259, '2020-10-28', 45000, 0),
(284, '2020-10-28', 16000, 0),
(324, '2020-10-28', 16000, 0),
(299, '2020-10-28', 51000, 0),
(225, '2020-10-28', 28000, 0),
(233, '2020-10-28', 16000, 0),
(234, '2020-10-28', 20000, 0),
(285, '2020-10-28', 18000, 0),
(297, '2020-10-28', 18000, 0),
(223, '2020-10-28', 16000, 0),
(254, '2020-10-28', 16000, 0),
(262, '2020-10-28', 30000, 0),
(294, '2020-10-28', 16000, 0),
(246, '2020-10-28', 16000, 0),
(255, '2020-10-28', 16000, 0),
(208, '2020-10-28', 22000, 0),
(535, '2020-10-28', 294000, 0),
(315, '2020-10-28', 16000, 0),
(309, '2020-10-28', 16000, 0),
(244, '2020-10-28', 26000, 0),
(245, '2020-10-28', 16000, 0),
(276, '2020-10-28', 26000, 0),
(282, '2020-10-28', 16000, 0),
(256, '2020-10-28', 22000, 0),
(277, '2020-10-28', 26000, 0),
(331, '2020-10-28', 16000, 0),
(228, '2020-10-28', 186000, 0),
(263, '2020-10-28', 16000, 0),
(278, '2020-10-28', 16000, 0),
(283, '2020-10-28', 16000, 0),
(229, '2020-10-28', 16000, 0),
(237, '2020-10-28', 16000, 0),
(318, '2020-10-28', 16000, 0),
(257, '2020-10-28', 63000, 0),
(272, '2020-10-28', 24000, 0),
(325, '2020-10-28', 16000, 0),
(279, '2020-10-28', 60000, 0),
(266, '2020-10-28', 22000, 0),
(214, '2020-10-28', 16000, 0),
(209, '2020-10-28', 24000, 0),
(264, '2020-10-28', 26000, 0),
(219, '2020-10-28', 30000, 0),
(253, '2020-10-28', 16000, 0),
(273, '2020-10-28', 16000, 0),
(280, '2020-10-28', 16000, 0),
(248, '2020-10-28', 16000, 0),
(210, '2020-10-28', 16000, 0),
(320, '2020-10-28', 16000, 0),
(220, '2020-10-28', 16000, 0),
(265, '2020-10-28', 30000, 0),
(287, '2020-10-28', 32000, 0),
(238, '2020-10-28', 63000, 0),
(267, '2020-10-28', 26000, 0),
(230, '2020-10-28', 34000, 0),
(316, '2020-10-28', 16000, 0),
(268, '2020-10-28', 18000, 0),
(274, '2020-10-28', 18000, 0),
(275, '2020-10-28', 16000, 0),
(211, '2020-10-28', 16000, 0),
(317, '2020-10-28', 20000, 0),
(288, '2020-10-28', 16000, 0),
(300, '2020-10-28', 16000, 0),
(239, '2020-10-28', 16000, 0),
(301, '2020-10-28', 16000, 0),
(250, '2020-10-28', 16000, 0),
(251, '2020-10-28', 22000, 0),
(221, '2020-10-28', 16000, 0),
(240, '2020-10-28', 16000, 0),
(260, '2020-10-28', 30000, 0),
(241, '2020-10-28', 16000, 0),
(269, '2020-10-28', 57000, 0),
(319, '2020-10-28', 16000, 0),
(252, '2020-10-28', 16000, 0),
(270, '2020-10-28', 26000, 0),
(302, '2020-10-28', 57000, 0),
(271, '2020-10-28', 16000, 0),
(212, '2020-10-28', 54000, 0),
(286, '2020-10-28', 34000, 0),
(205, '2020-10-28', 177000, 0),
(337, '2020-10-28', 16000, 0),
(314, '2020-10-28', 16000, 0),
(296, '2020-10-28', 30000, 0),
(232, '2020-10-28', 51000, 0),
(207, '2020-10-28', 22000, 0),
(313, '2020-10-28', 18000, 0),
(222, '2020-10-28', 18000, 0),
(304, '2020-10-28', 20000, 0),
(312, '2020-10-28', 16000, 0),
(236, '2020-10-28', 57000, 0),
(343, '2020-10-28', 16000, 0),
(338, '2020-10-28', 16000, 0),
(326, '2020-10-28', 24000, 0),
(339, '2020-10-28', 16000, 0),
(295, '2020-10-28', 22000, 0),
(289, '2020-10-28', 16000, 0),
(333, '2020-10-28', 16000, 0),
(303, '2020-10-28', 16000, 0),
(226, '2020-10-28', 16000, 0),
(235, '2020-10-28', 16000, 0),
(217, '2020-10-28', 16000, 0),
(327, '2020-10-28', 16000, 0),
(307, '2020-10-28', 16000, 0),
(340, '2020-10-28', 16000, 0),
(227, '2020-10-28', 111000, 0),
(290, '2020-10-28', 69000, 0),
(218, '2020-10-28', 69000, 53000),
(328, '2020-10-28', 16000, 0),
(261, '2020-10-28', 22000, 0),
(298, '2020-10-28', 18000, 0),
(308, '2020-10-28', 16000, 0),
(242, '2020-10-28', 16000, 0),
(310, '2020-10-28', 16000, 0),
(311, '2020-10-28', 16000, 0),
(311, '2020-10-28', 16000, 0),
(231, '2020-10-28', 39000, 0),
(231, '2020-10-28', 39000, 0),
(342, '2020-10-28', 16000, 0),
(213, '2020-10-28', 51000, 0),
(341, '2020-10-28', 16000, 0),
(341, '2020-10-28', 16000, 0),
(335, '2020-10-28', 16000, 0),
(330, '2020-10-28', 16000, 0),
(330, '2020-10-28', 16000, 0),
(332, '2020-10-28', 16000, 0),
(332, '2020-10-28', 16000, 0),
(334, '2020-10-28', 16000, 0),
(377, '2020-10-28', 16000, 0),
(377, '2020-10-28', 16000, 0),
(378, '2020-10-28', 24000, 0),
(347, '2020-10-28', 39000, 0),
(347, '2020-10-28', 39000, 0),
(406, '2020-10-28', 36000, 0),
(541, '2020-10-28', 16000, 0),
(354, '2020-10-28', 16000, -20000),
(354, '2020-10-28', 36000, 0),
(365, '2020-10-28', 16000, 0),
(365, '2020-10-28', 16000, 0),
(371, '2020-10-28', 16000, 0),
(372, '2020-10-28', 16000, -20000),
(537, '2020-10-28', 16000, 0),
(537, '2020-10-28', 16000, 0),
(355, '2020-10-28', 24000, 0),
(398, '2020-10-28', 16000, 0),
(399, '2020-10-28', 48000, 0),
(400, '2020-10-28', 48000, 32000),
(417, '2020-10-28', 16000, 0),
(415, '2020-10-28', 63000, 0),
(373, '2020-10-28', 16000, 0),
(374, '2020-10-28', 18000, 0),
(374, '2020-10-28', 18000, 0),
(382, '2020-10-28', 28000, 0),
(401, '2020-10-28', 24000, 0),
(401, '2020-10-28', 24000, 0),
(409, '2020-10-28', 24000, -4000),
(410, '2020-10-28', 0, 0),
(418, '2020-10-28', 0, 0),
(425, '2020-10-28', 45000, 29000),
(419, '2020-10-28', 45000, 9000),
(383, '2020-10-28', 36000, 20000),
(375, '2020-10-28', 36000, 18000),
(411, '2020-10-28', 51000, 0),
(386, '2020-10-28', 24000, 0),
(366, '2020-10-28', 16000, 0),
(376, '2020-10-28', 16000, 0),
(427, '2020-10-28', 69000, 0),
(393, '2020-10-28', 22000, 0),
(402, '2020-10-28', 20000, 0),
(426, '2020-10-28', 34000, 0),
(420, '2020-10-28', 16000, 0),
(421, '2020-10-28', 42000, 0),
(403, '2020-10-28', 20000, 0),
(370, '2020-10-28', 24000, 0),
(387, '2020-10-28', 24000, 0),
(367, '2020-10-28', 22000, 0),
(414, '2020-10-28', 16000, 0),
(348, '2020-10-28', 28000, 0),
(380, '2020-10-28', 16000, 0),
(412, '2020-10-28', 90000, 0),
(413, '2020-10-28', 20000, 0),
(538, '2020-10-28', 16000, 0),
(422, '2020-10-28', 18000, 0),
(536, '2020-10-28', 16000, 0),
(381, '2020-10-28', 16000, 0),
(351, '2020-10-28', 24000, 0),
(356, '2020-10-28', 111000, 0),
(416, '2020-10-28', 16000, 0),
(404, '2020-10-28', 32000, 0),
(405, '2020-10-28', 81000, 0),
(389, '2020-10-28', 16000, 0),
(394, '2020-10-28', 24000, 0),
(539, '2020-10-28', 16000, 0),
(357, '2020-10-28', 22000, 0),
(350, '2020-10-28', 16000, 0),
(533, '2020-10-28', 30000, 0),
(395, '2020-10-28', 16000, 0),
(358, '2020-10-28', 16000, 0),
(432, '2020-10-28', 16000, 0),
(407, '2020-10-28', 32000, 0),
(396, '2020-10-28', 16000, 0),
(346, '2020-10-28', 132000, 0),
(384, '2020-10-28', 501000, 0),
(540, '2020-10-28', 16000, 0),
(385, '2020-10-28', 16000, 0),
(359, '2020-10-28', 72000, 0),
(352, '2020-10-28', 30000, 0),
(360, '2020-10-28', 16000, 0),
(361, '2020-10-28', 36000, 0),
(363, '2020-10-28', 26000, 0),
(388, '2020-10-28', 16000, 0),
(408, '2020-10-28', 16000, 0),
(362, '2020-10-28', 16000, 0),
(390, '2020-10-28', 16000, 0),
(391, '2020-10-28', 20000, 0),
(364, '2020-10-28', 16000, 0),
(353, '2020-10-28', 303000, 0),
(344, '2020-10-28', 16000, 0),
(345, '2020-10-28', 16000, 0),
(477, '2020-10-28', 32000, 0),
(487, '2020-10-28', 16000, 0),
(441, '2020-10-28', 26000, 0),
(530, '2020-10-28', 16000, 0),
(478, '2020-10-28', 42000, 0),
(443, '2020-10-28', 16000, 0),
(565, '2020-10-28', 32000, 0),
(531, '2020-10-28', 78000, 0),
(491, '2020-10-28', 54000, 0),
(567, '2020-10-28', 18000, 0),
(448, '2020-10-28', 26000, 0),
(532, '2020-10-28', 26000, 0),
(435, '2020-10-28', 99000, 0),
(569, '2020-10-28', 22000, 0),
(542, '2020-10-28', 22000, 0),
(469, '2020-10-28', 16000, 0),
(522, '2020-10-28', 87000, 0),
(543, '2020-10-28', 16000, 0),
(545, '2020-10-28', 16000, 0),
(508, '2020-10-28', 16000, 0),
(440, '2020-10-28', 34000, 0),
(449, '2020-10-28', 30000, 0),
(524, '2020-10-28', 48000, 0),
(483, '2020-10-28', 24000, 0),
(470, '2020-10-28', 84000, 0),
(473, '2020-10-28', 60000, 0),
(439, '2020-10-28', 16000, 0),
(525, '2020-10-28', 16000, 0),
(488, '2020-10-28', 32000, 0),
(452, '2020-10-28', 16000, 0),
(546, '2020-10-28', 16000, 0),
(513, '2020-10-28', 22000, 0),
(438, '2020-10-28', 16000, 0),
(547, '2020-10-28', 32000, 0),
(489, '2020-10-28', 16000, 0),
(479, '2020-10-28', 16000, 0),
(465, '2020-10-28', 16000, 0),
(471, '2020-10-28', 16000, 0),
(548, '2020-10-28', 69000, 0),
(514, '2020-10-28', 39000, 0),
(490, '2020-10-28', 16000, 0),
(476, '2020-10-28', 42000, 0),
(480, '2020-10-28', 45000, 0),
(492, '2020-10-28', 16000, 0),
(436, '2020-10-28', 16000, 0),
(515, '2020-10-28', 24000, 0),
(481, '2020-10-28', 20000, 0),
(484, '2020-10-28', 22000, 0),
(445, '2020-10-28', 34000, 0),
(460, '2020-10-28', 36000, 0),
(472, '2020-10-28', 16000, 0),
(568, '2020-10-28', 16000, 0),
(495, '2020-10-28', 16000, 0),
(444, '2020-10-28', 16000, 0),
(464, '2020-10-28', 16000, 0),
(466, '2020-10-28', 16000, 0),
(510, '2020-10-28', 42000, 0),
(521, '2020-10-28', 39000, 0),
(493, '2020-10-28', 34000, 0),
(451, '2020-10-28', 75000, 0),
(485, '2020-10-28', 26000, 0),
(571, '2020-10-28', 42000, 0),
(463, '2020-10-28', 63000, 0),
(509, '2020-10-28', 16000, 0),
(511, '2020-10-28', 117000, 0),
(549, '2020-10-28', 20000, 0),
(453, '2020-10-28', 93000, 0),
(512, '2020-10-28', 39000, 0),
(559, '2020-10-28', 42000, 0),
(523, '2020-10-28', 16000, 0),
(468, '2020-10-28', 28000, 0),
(516, '2020-10-28', 51000, 0),
(544, '2020-10-28', 16000, 0),
(459, '2020-10-28', 51000, 0),
(467, '2020-10-28', 30000, 0),
(526, '2020-10-28', 28000, 0),
(517, '2020-10-28', 90000, 0),
(563, '2020-10-28', 16000, 0),
(570, '2020-10-28', 16000, 0),
(446, '2020-10-28', 39000, 0),
(486, '2020-10-28', 36000, 0),
(434, '2020-10-28', 16000, 0),
(433, '2020-10-28', 135000, 0),
(502, '2020-10-28', 16000, 0),
(454, '2020-10-28', 32000, 0),
(494, '2020-10-28', 26000, 0),
(442, '2020-10-28', 20000, 0),
(455, '2020-10-28', 20000, 0),
(518, '2020-10-28', 39000, 0),
(474, '2020-10-28', 16000, 0),
(527, '2020-10-28', 16000, 0),
(560, '2020-10-28', 3015000, 0),
(505, '2020-10-28', 28000, 0),
(519, '2020-10-28', 28000, 0),
(566, '2020-10-28', 24000, 0),
(458, '2020-10-28', 90000, 0),
(520, '2020-10-28', 34000, 0),
(447, '2020-10-28', 22000, 0),
(450, '2020-10-28', 26000, 0),
(475, '2020-10-28', 16000, 0),
(461, '2020-10-28', 63000, 0),
(456, '2020-10-28', 63000, 0),
(437, '2020-10-28', 30000, 0),
(462, '2020-10-28', 18000, 0),
(562, '2020-10-28', 16000, 0),
(528, '2020-10-28', 39000, 0),
(564, '2020-10-28', 75000, 0),
(457, '2020-10-28', 34000, 0),
(529, '2020-10-28', 16000, 0),
(555, '2020-10-28', 16000, 0),
(556, '2020-10-28', 20000, 0),
(506, '2020-10-28', 16000, 0),
(507, '2020-10-28', 51000, 0),
(557, '2020-10-28', 32000, 0),
(496, '2020-10-28', 32000, 0),
(497, '2020-10-28', 36000, 0),
(498, '2020-10-28', 28000, 0),
(504, '2020-10-28', 39000, 0),
(558, '2020-10-28', 16000, 0),
(561, '2020-10-28', 135000, 0),
(550, '2020-10-28', 16000, 0),
(551, '2020-10-28', 16000, 0),
(552, '2020-10-28', 150000, 0),
(482, '2020-10-28', 30000, 0),
(553, '2020-10-28', 32000, 0),
(554, '2020-10-28', 16000, 0),
(499, '2020-10-28', 18000, 0),
(500, '2020-10-28', 16000, 0),
(501, '2020-10-28', 42000, 0),
(503, '2020-10-28', 16000, 0),
(677, '2020-10-28', 16000, 0),
(655, '2020-10-28', 16000, 0),
(694, '2020-10-28', 51000, 0),
(656, '2020-10-28', 16000, 0),
(583, '2020-10-28', 22000, 0),
(657, '2020-10-28', 20000, 0),
(608, '2020-10-28', 16000, 0),
(658, '2020-10-28', 48000, 0),
(660, '2020-10-28', 18000, 0),
(580, '2020-10-28', 30000, 0),
(659, '2020-10-28', 16000, 0),
(678, '2020-10-28', 20000, 0),
(696, '2020-10-28', 26000, 0),
(594, '2020-10-28', 34000, 0),
(572, '2020-10-28', 141000, 0),
(695, '2020-10-28', 24000, 0),
(697, '2020-10-28', 26000, 0),
(698, '2020-10-28', 16000, 0),
(699, '2020-10-28', 16000, 0),
(700, '2020-10-28', 16000, 0),
(679, '2020-10-28', 16000, 0),
(598, '2020-10-28', 96000, 0),
(599, '2020-10-28', 54000, 0),
(614, '2020-10-28', 48000, 0),
(643, '2020-10-28', 16000, 0),
(647, '2020-10-28', 36000, 0),
(633, '2020-10-28', 16000, 0),
(649, '2020-10-28', 26000, 0),
(651, '2020-10-28', 16000, 0),
(682, '2020-10-28', 78000, 0),
(701, '2020-10-28', 42000, 0),
(584, '2020-10-28', 16000, 0),
(702, '2020-10-28', 16000, 0),
(600, '2020-10-28', 34000, 0),
(602, '2020-10-28', 28000, 0),
(616, '2020-10-28', 16000, 0),
(617, '2020-10-28', 36000, 0),
(635, '2020-10-28', 24000, 0),
(619, '2020-10-28', 28000, 0),
(636, '2020-10-28', 48000, 0),
(586, '2020-10-28', 36000, 0),
(601, '2020-10-28', 69000, 0),
(638, '2020-10-28', 16000, 0),
(640, '2020-10-28', 16000, 0),
(661, '2020-10-28', 16000, 0),
(622, '2020-10-28', 26000, 0),
(639, '2020-10-28', 39000, 0),
(632, '2020-10-28', 34000, 0),
(663, '2020-10-28', 20000, 0),
(666, '2020-10-28', 18000, 0),
(648, '2020-10-28', 16000, 0),
(603, '2020-10-28', 57000, 0),
(669, '2020-10-28', 16000, 0),
(592, '2020-10-28', 36000, 0),
(593, '2020-10-28', 81000, 0),
(612, '2020-10-28', 63000, 0),
(631, '2020-10-28', 16000, 0),
(654, '2020-10-28', 18000, 0),
(671, '2020-10-28', 16000, 0),
(687, '2020-10-28', 26000, 0),
(595, '2020-10-28', 16000, 0),
(597, '2020-10-28', 30000, 0),
(577, '2020-10-28', 24000, 0),
(615, '2020-10-28', 16000, 0),
(673, '2020-10-28', 16000, 0),
(626, '2020-10-28', 24000, 0),
(688, '2020-10-28', 28000, 0),
(641, '2020-10-28', 36000, 0),
(662, '2020-10-28', 42000, 0),
(581, '2020-10-28', 16000, 0),
(618, '2020-10-28', 81000, 0),
(690, '2020-10-28', 18000, 0),
(574, '2020-10-28', 45000, 0),
(620, '2020-10-28', 16000, 0),
(693, '2020-10-28', 16000, 0),
(621, '2020-10-28', 16000, 0),
(644, '2020-10-28', 16000, 0),
(646, '2020-10-28', 26000, 0),
(605, '2020-10-28', 16000, 0),
(645, '2020-10-28', 16000, 0),
(624, '2020-10-28', 72000, 0),
(650, '2020-10-28', 30000, 0),
(627, '2020-10-28', 24000, 0),
(653, '2020-10-28', 16000, 0),
(675, '2020-10-28', 26000, 0),
(689, '2020-10-28', 26000, 0),
(692, '2020-10-28', 16000, 0),
(607, '2020-10-28', 24000, 0),
(625, '2020-10-28', 39000, 0),
(579, '2020-10-28', 72000, 0),
(630, '2020-10-28', 60000, 0),
(578, '2020-10-28', 16000, 0),
(610, '2020-10-28', 48000, 0),
(629, '2020-10-28', 24000, 0),
(637, '2020-10-28', 16000, 0),
(589, '2020-10-28', 30000, 0),
(628, '2020-10-28', 16000, 0),
(606, '2020-10-28', 16000, 0),
(590, '2020-10-28', 32000, 0),
(604, '2020-10-28', 16000, 0),
(575, '2020-10-28', 24000, 0),
(576, '2020-10-28', 16000, 0),
(642, '2020-10-28', 16000, 0),
(591, '2020-10-28', 96000, 0),
(634, '2020-10-28', 26000, 0),
(684, '2020-10-28', 26000, 0),
(609, '2020-10-28', 16000, 0),
(588, '2020-10-28', 16000, 0),
(623, '2020-10-28', 39000, 0),
(652, '2020-10-28', 51000, 0),
(685, '2020-10-28', 32000, 0),
(691, '2020-10-28', 108000, 0),
(573, '2020-10-28', 16000, 0),
(668, '2020-10-28', 24000, 0),
(670, '2020-10-28', 32000, 0),
(585, '2020-10-28', 30000, 0),
(680, '2020-10-28', 16000, 0),
(613, '2020-10-28', 16000, 0),
(596, '2020-10-28', 75000, 0),
(587, '2020-10-28', 24000, 0),
(611, '2020-10-28', 16000, 0),
(681, '2020-10-28', 16000, 0),
(683, '2020-10-28', 42000, 0),
(665, '2020-10-28', 18000, 0),
(667, '2020-10-28', 20000, 0),
(672, '2020-10-28', 28000, 0),
(674, '2020-10-28', 16000, 0),
(676, '2020-10-28', 22000, 0),
(582, '2020-10-28', 16000, 0),
(686, '2020-10-28', 26000, 0),
(664, '2020-10-28', 26000, 0),
(712, '2020-10-28', 20000, 0),
(798, '2020-10-28', 16000, 0),
(799, '2020-10-28', 22000, 0),
(800, '2020-10-28', 18000, 0),
(801, '2020-10-28', 34000, 0),
(802, '2020-10-28', 45000, 0),
(804, '2020-10-28', 72000, 0),
(805, '2020-10-28', 16000, 0),
(806, '2020-10-28', 20000, 0),
(807, '2020-10-28', 32000, 0),
(808, '2020-10-28', 16000, 0),
(713, '2020-10-28', 16000, 0),
(809, '2020-10-28', 16000, 0),
(810, '2020-10-28', 51000, 0),
(811, '2020-10-28', 26000, 0),
(752, '2020-10-28', 66000, 0),
(812, '2020-10-28', 30000, 0),
(813, '2020-10-28', 22000, 0),
(814, '2020-10-28', 18000, 0),
(714, '2020-10-28', 22000, 0),
(803, '2020-10-28', 16000, 0),
(715, '2020-10-28', 16000, 0),
(772, '2020-10-28', 16000, 0),
(786, '2020-10-28', 16000, 0),
(716, '2020-10-28', 45000, 0),
(717, '2020-10-28', 36000, 0),
(718, '2020-10-28', 36000, 0),
(719, '2020-10-28', 28000, 0),
(720, '2020-10-28', 30000, 0),
(704, '2020-10-28', 32000, 0),
(721, '2020-10-28', 90000, 0),
(722, '2020-10-28', 57000, 0),
(723, '2020-10-28', 16000, 0),
(724, '2020-10-28', 93000, 0),
(725, '2020-10-28', 36000, 0),
(726, '2020-10-28', 102000, 0),
(705, '2020-10-28', 22000, 0),
(727, '2020-10-28', 69000, 0),
(728, '2020-10-28', 39000, 0),
(729, '2020-10-28', 78000, 0),
(730, '2020-10-28', 39000, 0),
(731, '2020-10-28', 63000, 0),
(732, '2020-10-28', 16000, 0),
(733, '2020-10-28', 24000, 0),
(734, '2020-10-28', 34000, 0),
(706, '2020-10-28', 34000, 0),
(735, '2020-10-28', 32000, 0),
(736, '2020-10-28', 42000, 0),
(737, '2020-10-28', 81000, 0),
(738, '2020-10-28', 16000, 0),
(739, '2020-10-28', 78000, 0),
(740, '2020-10-28', 16000, 0),
(741, '2020-10-28', 81000, 0),
(742, '2020-10-28', 28000, 0),
(707, '2020-10-28', 16000, 0),
(743, '2020-10-28', 39000, 0),
(744, '2020-10-28', 36000, 0),
(745, '2020-10-28', 45000, 0),
(746, '2020-10-28', 18000, 0),
(747, '2020-10-28', 18000, 0),
(748, '2020-10-28', 42000, 0),
(749, '2020-10-28', 60000, 0),
(750, '2020-10-28', 48000, 0),
(751, '2020-10-28', 42000, 0),
(753, '2020-10-28', 28000, 0),
(754, '2020-10-28', 30000, 0),
(755, '2020-10-28', 24000, 0),
(756, '2020-10-28', 69000, 0),
(757, '2020-10-28', 16000, 0),
(759, '2020-10-28', 16000, 0),
(709, '2020-10-28', 16000, 0),
(760, '2020-10-28', 32000, 0),
(761, '2020-10-28', 28000, 0),
(762, '2020-10-28', 57000, 0),
(763, '2020-10-28', 16000, 0),
(764, '2020-10-28', 69000, 0),
(765, '2020-10-28', 16000, 0),
(766, '2020-10-28', 28000, 0),
(767, '2020-10-28', 16000, 0),
(758, '2020-10-28', 42000, 0),
(768, '2020-10-28', 16000, 0),
(769, '2020-10-28', 16000, 0),
(770, '2020-10-28', 39000, 0),
(771, '2020-10-28', 34000, 0),
(773, '2020-10-28', 24000, 0),
(774, '2020-10-28', 32000, 0),
(775, '2020-10-28', 26000, 0),
(776, '2020-10-28', 48000, 0),
(777, '2020-10-28', 16000, 0),
(778, '2020-10-28', 22000, 0),
(710, '2020-10-28', 69000, 0),
(779, '2020-10-28', 16000, 0),
(780, '2020-10-28', 36000, 0),
(781, '2020-10-28', 24000, 0),
(782, '2020-10-28', 24000, 8000),
(783, '2020-10-28', 22000, 0),
(783, '2020-10-28', 22000, 0),
(784, '2020-10-28', 16000, 0),
(785, '2020-10-28', 16000, 0),
(787, '2020-10-28', 42000, 0),
(788, '2020-10-28', 16000, 0),
(703, '2020-10-28', 171000, 0),
(711, '2020-10-28', 28000, 0),
(789, '2020-10-28', 24000, 0),
(790, '2020-10-28', 18000, 0),
(791, '2020-10-28', 16000, 0),
(792, '2020-10-28', 30000, 0),
(793, '2020-10-28', 26000, 0),
(794, '2020-10-28', 16000, 0),
(795, '2020-10-28', 24000, 0),
(796, '2020-10-28', 16000, 0),
(797, '2020-10-28', 26000, 0);

-- --------------------------------------------------------

--
-- Table structure for table `tb_tagihan`
--

CREATE TABLE `tb_tagihan` (
  `id_tagihan` int(11) NOT NULL,
  `id_pakai` char(11) NOT NULL,
  `tagihan` int(11) NOT NULL,
  `status` char(12) NOT NULL DEFAULT 'Belum Bayar'
) ENGINE=InnoDB DEFAULT CHARSET=latin1;

--
-- Dumping data for table `tb_tagihan`
--

INSERT INTO `tb_tagihan` (`id_tagihan`, `id_pakai`, `tagihan`, `status`) VALUES
(204, 'K000000001', 123000, 'Lunas'),
(205, 'K000000002', 177000, 'Lunas'),
(206, 'K000000003', 78000, 'Lunas'),
(207, 'K000000004', 22000, 'Lunas'),
(208, 'K000000005', 22000, 'Lunas'),
(209, 'K000000006', 24000, 'Lunas'),
(210, 'K000000007', 16000, 'Lunas'),
(211, 'K000000008', 16000, 'Lunas'),
(212, 'K000000009', 54000, 'Lunas'),
(213, 'K000000010', 51000, 'Lunas'),
(214, 'K000000011', 16000, 'Lunas'),
(215, 'K000000012', 16000, 'Lunas'),
(216, 'K000000013', 18000, 'Lunas'),
(217, 'K000000014', 16000, 'Lunas'),
(218, 'K000000015', 16000, 'Lunas'),
(219, 'K000000016', 30000, 'Lunas'),
(220, 'K000000017', 16000, 'Lunas'),
(221, 'K000000018', 16000, 'Lunas'),
(222, 'K000000019', 18000, 'Lunas'),
(223, 'K000000020', 16000, 'Lunas'),
(224, 'K000000021', 18000, 'Lunas'),
(225, 'K000000022', 28000, 'Lunas'),
(226, 'K000000023', 16000, 'Lunas'),
(227, 'K000000024', 111000, 'Lunas'),
(228, 'K000000025', 186000, 'Lunas'),
(229, 'K000000026', 16000, 'Lunas'),
(230, 'K000000027', 34000, 'Lunas'),
(231, 'K000000028', 39000, 'Lunas'),
(232, 'K000000029', 51000, 'Lunas'),
(233, 'K000000030', 16000, 'Lunas'),
(234, 'K000000031', 20000, 'Lunas'),
(235, 'K000000032', 16000, 'Lunas'),
(236, 'K000000033', 57000, 'Lunas'),
(237, 'K000000034', 16000, 'Lunas'),
(238, 'K000000035', 63000, 'Lunas'),
(239, 'K000000036', 16000, 'Lunas'),
(240, 'K000000037', 16000, 'Lunas'),
(241, 'K000000038', 16000, 'Lunas'),
(242, 'K000000039', 16000, 'Lunas'),
(243, 'K000000040', 30000, 'Lunas'),
(244, 'K000000041', 26000, 'Lunas'),
(245, 'K000000042', 16000, 'Lunas'),
(246, 'K000000043', 16000, 'Lunas'),
(248, 'K000000045', 16000, 'Lunas'),
(249, 'K000000046', 16000, 'Lunas'),
(250, 'K000000047', 16000, 'Lunas'),
(251, 'K000000048', 22000, 'Lunas'),
(252, 'K000000049', 16000, 'Lunas'),
(253, 'K000000050', 16000, 'Lunas'),
(254, 'K000000051', 16000, 'Lunas'),
(255, 'K000000052', 16000, 'Lunas'),
(256, 'K000000053', 22000, 'Lunas'),
(257, 'K000000054', 63000, 'Lunas'),
(258, 'K000000055', 24000, 'Lunas'),
(259, 'K000000056', 45000, 'Lunas'),
(260, 'K000000057', 30000, 'Lunas'),
(261, 'K000000058', 22000, 'Lunas'),
(262, 'K000000059', 30000, 'Lunas'),
(263, 'K000000060', 16000, 'Lunas'),
(264, 'K000000061', 26000, 'Lunas'),
(265, 'K000000062', 30000, 'Lunas'),
(266, 'K000000063', 22000, 'Lunas'),
(267, 'K000000064', 26000, 'Lunas'),
(268, 'K000000065', 18000, 'Lunas'),
(269, 'K000000066', 57000, 'Lunas'),
(270, 'K000000067', 26000, 'Lunas'),
(271, 'K000000068', 16000, 'Lunas'),
(272, 'K000000069', 24000, 'Lunas'),
(273, 'K000000070', 16000, 'Lunas'),
(274, 'K000000071', 18000, 'Lunas'),
(275, 'K000000072', 16000, 'Lunas'),
(276, 'K000000073', 26000, 'Lunas'),
(277, 'K000000074', 26000, 'Lunas'),
(278, 'K000000075', 16000, 'Lunas'),
(279, 'K000000076', 60000, 'Lunas'),
(280, 'K000000077', 16000, 'Lunas'),
(282, 'K000000079', 16000, 'Lunas'),
(283, 'K000000080', 16000, 'Lunas'),
(284, 'K000000081', 16000, 'Lunas'),
(285, 'K000000082', 18000, 'Lunas'),
(286, 'K000000083', 34000, 'Lunas'),
(287, 'K000000084', 32000, 'Lunas'),
(288, 'K000000085', 16000, 'Lunas'),
(289, 'K000000086', 16000, 'Lunas'),
(290, 'K000000087', 69000, 'Lunas'),
(291, 'K000000088', 22000, 'Lunas'),
(292, 'K000000089', 16000, 'Lunas'),
(293, 'K000000090', 16000, 'Lunas'),
(294, 'K000000091', 16000, 'Lunas'),
(295, 'K000000092', 22000, 'Lunas'),
(296, 'K000000093', 30000, 'Lunas'),
(297, 'K000000094', 18000, 'Lunas'),
(298, 'K000000095', 18000, 'Lunas'),
(299, 'K000000096', 51000, 'Lunas'),
(300, 'K000000097', 16000, 'Lunas'),
(301, 'K000000098', 16000, 'Lunas'),
(302, 'K000000099', 57000, 'Lunas'),
(303, 'K000000100', 16000, 'Lunas'),
(304, 'K000000101', 20000, 'Lunas'),
(305, 'K000000102', 20000, 'Lunas'),
(306, 'K000000103', 22000, 'Lunas'),
(307, 'K000000104', 16000, 'Lunas'),
(308, 'K000000105', 16000, 'Lunas'),
(309, 'K000000106', 16000, 'Lunas'),
(310, 'K000000107', 16000, 'Lunas'),
(311, 'K000000108', 16000, 'Lunas'),
(312, 'K000000109', 16000, 'Lunas'),
(313, 'K000000110', 18000, 'Lunas'),
(314, 'K000000111', 16000, 'Lunas'),
(315, 'K000000112', 16000, 'Lunas'),
(316, 'K000000113', 16000, 'Lunas'),
(317, 'K000000114', 20000, 'Lunas'),
(318, 'K000000115', 16000, 'Lunas'),
(319, 'K000000116', 16000, 'Lunas'),
(320, 'K000000117', 16000, 'Lunas'),
(321, 'K000000118', 16000, 'Lunas'),
(322, 'K000000119', 16000, 'Lunas'),
(323, 'K000000120', 16000, 'Lunas'),
(324, 'K000000121', 16000, 'Lunas'),
(325, 'K000000122', 16000, 'Lunas'),
(326, 'K000000123', 24000, 'Lunas'),
(327, 'K000000124', 16000, 'Lunas'),
(328, 'K000000125', 16000, 'Lunas'),
(329, 'K000000126', 16000, 'Lunas'),
(330, 'K000000127', 16000, 'Lunas'),
(331, 'K000000128', 16000, 'Lunas'),
(332, 'K000000129', 16000, 'Lunas'),
(333, 'K000000130', 16000, 'Lunas'),
(334, 'K000000131', 16000, 'Lunas'),
(335, 'K000000132', 16000, 'Lunas'),
(336, 'K000000133', 129000, 'Lunas'),
(337, 'K000000134', 16000, 'Lunas'),
(338, 'K000000135', 16000, 'Lunas'),
(339, 'K000000136', 16000, 'Lunas'),
(340, 'K000000137', 16000, 'Lunas'),
(341, 'K000000138', 16000, 'Lunas'),
(342, 'K000000139', 16000, 'Lunas'),
(343, 'K000000140', 16000, 'Lunas'),
(344, 'K000000141', 16000, 'Lunas'),
(345, 'K000000142', 16000, 'Lunas'),
(346, 'K000000143', 132000, 'Lunas'),
(347, 'K000000144', 39000, 'Lunas'),
(348, 'K000000145', 28000, 'Lunas'),
(350, 'K000000147', 16000, 'Lunas'),
(351, 'K000000148', 24000, 'Lunas'),
(352, 'K000000149', 30000, 'Lunas'),
(353, 'K000000150', 303000, 'Lunas'),
(354, 'K000000151', 36000, 'Lunas'),
(355, 'K000000152', 24000, 'Lunas'),
(356, 'K000000153', 111000, 'Lunas'),
(357, 'K000000154', 22000, 'Lunas'),
(358, 'K000000155', 16000, 'Lunas'),
(359, 'K000000156', 72000, 'Lunas'),
(360, 'K000000157', 16000, 'Lunas'),
(361, 'K000000158', 36000, 'Lunas'),
(362, 'K000000159', 16000, 'Lunas'),
(363, 'K000000160', 26000, 'Lunas'),
(364, 'K000000161', 16000, 'Lunas'),
(365, 'K000000162', 16000, 'Lunas'),
(366, 'K000000163', 16000, 'Lunas'),
(367, 'K000000164', 22000, 'Lunas'),
(370, 'K000000167', 24000, 'Lunas'),
(371, 'K000000168', 16000, 'Lunas'),
(372, 'K000000169', 36000, 'Lunas'),
(373, 'K000000170', 16000, 'Lunas'),
(374, 'K000000171', 18000, 'Lunas'),
(375, 'K000000172', 18000, 'Lunas'),
(376, 'K000000173', 16000, 'Lunas'),
(377, 'K000000174', 16000, 'Lunas'),
(378, 'K000000175', 24000, 'Lunas'),
(380, 'K000000177', 16000, 'Lunas'),
(381, 'K000000178', 16000, 'Lunas'),
(382, 'K000000179', 28000, 'Lunas'),
(383, 'K000000180', 16000, 'Lunas'),
(384, 'K000000181', 501000, 'Lunas'),
(385, 'K000000182', 16000, 'Lunas'),
(386, 'K000000183', 24000, 'Lunas'),
(387, 'K000000184', 24000, 'Lunas'),
(388, 'K000000185', 16000, 'Lunas'),
(389, 'K000000186', 16000, 'Lunas'),
(390, 'K000000187', 16000, 'Lunas'),
(391, 'K000000188', 20000, 'Lunas'),
(393, 'K000000190', 22000, 'Lunas'),
(394, 'K000000191', 24000, 'Lunas'),
(395, 'K000000192', 16000, 'Lunas'),
(396, 'K000000193', 16000, 'Lunas'),
(398, 'K000000195', 16000, 'Lunas'),
(399, 'K000000196', 48000, 'Lunas'),
(400, 'K000000197', 16000, 'Lunas'),
(401, 'K000000198', 24000, 'Lunas'),
(402, 'K000000199', 20000, 'Lunas'),
(403, 'K000000200', 20000, 'Lunas'),
(404, 'K000000201', 32000, 'Lunas'),
(405, 'K000000202', 81000, 'Lunas'),
(406, 'K000000203', 36000, 'Lunas'),
(407, 'K000000204', 32000, 'Lunas'),
(408, 'K000000205', 16000, 'Lunas'),
(409, 'K000000206', 28000, 'Lunas'),
(410, 'K000000207', 32000, 'Lunas'),
(411, 'K000000208', 51000, 'Lunas'),
(412, 'K000000209', 90000, 'Lunas'),
(413, 'K000000210', 20000, 'Lunas'),
(414, 'K000000211', 16000, 'Lunas'),
(415, 'K000000212', 63000, 'Lunas'),
(416, 'K000000213', 16000, 'Lunas'),
(417, 'K000000214', 16000, 'Lunas'),
(418, 'K000000215', 45000, 'Lunas'),
(419, 'K000000216', 36000, 'Lunas'),
(420, 'K000000217', 16000, 'Lunas'),
(421, 'K000000218', 42000, 'Lunas'),
(422, 'K000000219', 18000, 'Lunas'),
(425, 'K000000222', 16000, 'Lunas'),
(426, 'K000000223', 34000, 'Lunas'),
(427, 'K000000224', 69000, 'Lunas'),
(432, 'K000000229', 16000, 'Lunas'),
(433, 'K000000230', 135000, 'Lunas'),
(434, 'K000000231', 16000, 'Lunas'),
(435, 'K000000232', 99000, 'Lunas'),
(436, 'K000000233', 16000, 'Lunas'),
(437, 'K000000234', 30000, 'Lunas'),
(438, 'K000000235', 16000, 'Lunas'),
(439, 'K000000236', 16000, 'Lunas'),
(440, 'K000000237', 34000, 'Lunas'),
(441, 'K000000238', 26000, 'Lunas'),
(442, 'K000000239', 20000, 'Lunas'),
(443, 'K000000240', 16000, 'Lunas'),
(444, 'K000000241', 16000, 'Lunas'),
(445, 'K000000242', 34000, 'Lunas'),
(446, 'K000000243', 39000, 'Lunas'),
(447, 'K000000244', 22000, 'Lunas'),
(448, 'K000000245', 26000, 'Lunas'),
(449, 'K000000246', 30000, 'Lunas'),
(450, 'K000000247', 26000, 'Lunas'),
(451, 'K000000248', 75000, 'Lunas'),
(452, 'K000000249', 16000, 'Lunas'),
(453, 'K000000250', 93000, 'Lunas'),
(454, 'K000000251', 32000, 'Lunas'),
(455, 'K000000252', 20000, 'Lunas'),
(456, 'K000000253', 63000, 'Lunas'),
(457, 'K000000254', 34000, 'Lunas'),
(458, 'K000000255', 90000, 'Lunas'),
(459, 'K000000256', 51000, 'Lunas'),
(460, 'K000000257', 36000, 'Lunas'),
(461, 'K000000258', 63000, 'Lunas'),
(462, 'K000000259', 18000, 'Lunas'),
(463, 'K000000260', 63000, 'Lunas'),
(464, 'K000000261', 16000, 'Lunas'),
(465, 'K000000262', 16000, 'Lunas'),
(466, 'K000000263', 16000, 'Lunas'),
(467, 'K000000264', 30000, 'Lunas'),
(468, 'K000000265', 28000, 'Lunas'),
(469, 'K000000266', 16000, 'Lunas'),
(470, 'K000000267', 84000, 'Lunas'),
(471, 'K000000268', 16000, 'Lunas'),
(472, 'K000000269', 16000, 'Lunas'),
(473, 'K000000270', 60000, 'Lunas'),
(474, 'K000000271', 16000, 'Lunas'),
(475, 'K000000272', 16000, 'Lunas'),
(476, 'K000000273', 42000, 'Lunas'),
(477, 'K000000274', 32000, 'Lunas'),
(478, 'K000000275', 42000, 'Lunas'),
(479, 'K000000276', 16000, 'Lunas'),
(480, 'K000000277', 45000, 'Lunas'),
(481, 'K000000278', 20000, 'Lunas'),
(482, 'K000000279', 30000, 'Lunas'),
(483, 'K000000280', 24000, 'Lunas'),
(484, 'K000000281', 22000, 'Lunas'),
(485, 'K000000282', 26000, 'Lunas'),
(486, 'K000000283', 36000, 'Lunas'),
(487, 'K000000284', 16000, 'Lunas'),
(488, 'K000000285', 32000, 'Lunas'),
(489, 'K000000286', 16000, 'Lunas'),
(490, 'K000000287', 16000, 'Lunas'),
(491, 'K000000288', 54000, 'Lunas'),
(492, 'K000000289', 16000, 'Lunas'),
(493, 'K000000290', 34000, 'Lunas'),
(494, 'K000000291', 26000, 'Lunas'),
(495, 'K000000292', 16000, 'Lunas'),
(496, 'K000000293', 32000, 'Lunas'),
(497, 'K000000294', 36000, 'Lunas'),
(498, 'K000000295', 28000, 'Lunas'),
(499, 'K000000296', 18000, 'Lunas'),
(500, 'K000000297', 16000, 'Lunas'),
(501, 'K000000298', 42000, 'Lunas'),
(502, 'K000000299', 16000, 'Lunas'),
(503, 'K000000300', 16000, 'Lunas'),
(504, 'K000000301', 39000, 'Lunas'),
(505, 'K000000302', 28000, 'Lunas'),
(506, 'K000000303', 16000, 'Lunas'),
(507, 'K000000304', 51000, 'Lunas'),
(508, 'K000000305', 16000, 'Lunas'),
(509, 'K000000306', 16000, 'Lunas'),
(510, 'K000000307', 42000, 'Lunas'),
(511, 'K000000308', 117000, 'Lunas'),
(512, 'K000000309', 39000, 'Lunas'),
(513, 'K000000310', 22000, 'Lunas'),
(514, 'K000000311', 39000, 'Lunas'),
(515, 'K000000312', 24000, 'Lunas'),
(516, 'K000000313', 51000, 'Lunas'),
(517, 'K000000314', 90000, 'Lunas'),
(518, 'K000000315', 39000, 'Lunas'),
(519, 'K000000316', 28000, 'Lunas'),
(520, 'K000000317', 34000, 'Lunas'),
(521, 'K000000318', 39000, 'Lunas'),
(522, 'K000000319', 87000, 'Lunas'),
(523, 'K000000320', 16000, 'Lunas'),
(524, 'K000000321', 48000, 'Lunas'),
(525, 'K000000322', 16000, 'Lunas'),
(526, 'K000000323', 28000, 'Lunas'),
(527, 'K000000324', 16000, 'Lunas'),
(528, 'K000000325', 39000, 'Lunas'),
(529, 'K000000326', 16000, 'Lunas'),
(530, 'K000000327', 16000, 'Lunas'),
(531, 'K000000328', 78000, 'Lunas'),
(532, 'K000000329', 26000, 'Lunas'),
(533, 'K000000330', 30000, 'Lunas'),
(535, 'K000000331', 294000, 'Lunas'),
(536, 'K000000332', 16000, 'Lunas'),
(537, 'K000000333', 16000, 'Lunas'),
(538, 'K000000334', 16000, 'Lunas'),
(539, 'K000000335', 16000, 'Lunas'),
(540, 'K000000336', 16000, 'Lunas'),
(541, 'K000000337', 16000, 'Lunas'),
(542, 'K000000338', 22000, 'Lunas'),
(543, 'K000000339', 16000, 'Lunas'),
(544, 'K000000340', 16000, 'Lunas'),
(545, 'K000000341', 16000, 'Lunas'),
(546, 'K000000342', 16000, 'Lunas'),
(547, 'K000000343', 32000, 'Lunas'),
(548, 'K000000344', 69000, 'Lunas'),
(549, 'K000000345', 20000, 'Lunas'),
(550, 'K000000346', 16000, 'Lunas'),
(551, 'K000000347', 16000, 'Lunas'),
(552, 'K000000348', 150000, 'Lunas'),
(553, 'K000000349', 32000, 'Lunas'),
(554, 'K000000350', 16000, 'Lunas'),
(555, 'K000000351', 16000, 'Lunas'),
(556, 'K000000352', 20000, 'Lunas'),
(557, 'K000000353', 32000, 'Lunas'),
(558, 'K000000354', 16000, 'Lunas'),
(559, 'K000000355', 42000, 'Lunas'),
(560, 'K000000356', 3015000, 'Lunas'),
(561, 'K000000357', 135000, 'Lunas'),
(562, 'K000000358', 16000, 'Lunas'),
(563, 'K000000359', 16000, 'Lunas'),
(564, 'K000000360', 75000, 'Lunas'),
(565, 'K000000361', 32000, 'Lunas'),
(566, 'K000000362', 24000, 'Lunas'),
(567, 'K000000363', 18000, 'Lunas'),
(568, 'K000000364', 16000, 'Lunas'),
(569, 'K000000365', 22000, 'Lunas'),
(570, 'K000000366', 16000, 'Lunas'),
(571, 'K000000367', 42000, 'Lunas'),
(572, 'K000000368', 141000, 'Lunas'),
(573, 'K000000369', 16000, 'Lunas'),
(574, 'K000000370', 45000, 'Lunas'),
(575, 'K000000371', 24000, 'Lunas'),
(576, 'K000000372', 16000, 'Lunas'),
(577, 'K000000373', 24000, 'Lunas'),
(578, 'K000000374', 16000, 'Lunas'),
(579, 'K000000375', 72000, 'Lunas'),
(580, 'K000000376', 30000, 'Lunas'),
(581, 'K000000377', 16000, 'Lunas'),
(582, 'K000000378', 16000, 'Lunas'),
(583, 'K000000379', 22000, 'Lunas'),
(584, 'K000000380', 16000, 'Lunas'),
(585, 'K000000381', 30000, 'Lunas'),
(586, 'K000000382', 36000, 'Lunas'),
(587, 'K000000383', 24000, 'Lunas'),
(588, 'K000000384', 16000, 'Lunas'),
(589, 'K000000385', 30000, 'Lunas'),
(590, 'K000000386', 32000, 'Lunas'),
(591, 'K000000387', 96000, 'Lunas'),
(592, 'K000000388', 36000, 'Lunas'),
(593, 'K000000389', 81000, 'Lunas'),
(594, 'K000000390', 34000, 'Lunas'),
(595, 'K000000391', 16000, 'Lunas'),
(596, 'K000000392', 75000, 'Lunas'),
(597, 'K000000393', 30000, 'Lunas'),
(598, 'K000000394', 96000, 'Lunas'),
(599, 'K000000395', 54000, 'Lunas'),
(600, 'K000000396', 34000, 'Lunas'),
(601, 'K000000397', 69000, 'Lunas'),
(602, 'K000000398', 28000, 'Lunas'),
(603, 'K000000399', 57000, 'Lunas'),
(604, 'K000000400', 16000, 'Lunas'),
(605, 'K000000401', 16000, 'Lunas'),
(606, 'K000000402', 16000, 'Lunas'),
(607, 'K000000403', 24000, 'Lunas'),
(608, 'K000000404', 16000, 'Lunas'),
(609, 'K000000405', 16000, 'Lunas'),
(610, 'K000000406', 48000, 'Lunas'),
(611, 'K000000407', 16000, 'Lunas'),
(612, 'K000000408', 63000, 'Lunas'),
(613, 'K000000409', 16000, 'Lunas'),
(614, 'K000000410', 48000, 'Lunas'),
(615, 'K000000411', 16000, 'Lunas'),
(616, 'K000000412', 16000, 'Lunas'),
(617, 'K000000413', 36000, 'Lunas'),
(618, 'K000000414', 81000, 'Lunas'),
(619, 'K000000415', 28000, 'Lunas'),
(620, 'K000000416', 16000, 'Lunas'),
(621, 'K000000417', 16000, 'Lunas'),
(622, 'K000000418', 26000, 'Lunas'),
(623, 'K000000419', 39000, 'Lunas'),
(624, 'K000000420', 72000, 'Lunas'),
(625, 'K000000421', 39000, 'Lunas'),
(626, 'K000000422', 24000, 'Lunas'),
(627, 'K000000423', 24000, 'Lunas'),
(628, 'K000000424', 16000, 'Lunas'),
(629, 'K000000425', 24000, 'Lunas'),
(630, 'K000000426', 60000, 'Lunas'),
(631, 'K000000427', 16000, 'Lunas'),
(632, 'K000000428', 34000, 'Lunas'),
(633, 'K000000429', 16000, 'Lunas'),
(634, 'K000000430', 26000, 'Lunas'),
(635, 'K000000431', 24000, 'Lunas'),
(636, 'K000000432', 48000, 'Lunas'),
(637, 'K000000433', 16000, 'Lunas'),
(638, 'K000000434', 16000, 'Lunas'),
(639, 'K000000435', 39000, 'Lunas'),
(640, 'K000000436', 16000, 'Lunas'),
(641, 'K000000437', 36000, 'Lunas'),
(642, 'K000000438', 16000, 'Lunas'),
(643, 'K000000439', 16000, 'Lunas'),
(644, 'K000000440', 16000, 'Lunas'),
(645, 'K000000441', 16000, 'Lunas'),
(646, 'K000000442', 26000, 'Lunas'),
(647, 'K000000443', 36000, 'Lunas'),
(648, 'K000000444', 16000, 'Lunas'),
(649, 'K000000445', 26000, 'Lunas'),
(650, 'K000000446', 30000, 'Lunas'),
(651, 'K000000447', 16000, 'Lunas'),
(652, 'K000000448', 51000, 'Lunas'),
(653, 'K000000449', 16000, 'Lunas'),
(654, 'K000000450', 18000, 'Lunas'),
(655, 'K000000451', 16000, 'Lunas'),
(656, 'K000000452', 16000, 'Lunas'),
(657, 'K000000453', 20000, 'Lunas'),
(658, 'K000000454', 48000, 'Lunas'),
(659, 'K000000455', 16000, 'Lunas'),
(660, 'K000000456', 18000, 'Lunas'),
(661, 'K000000457', 16000, 'Lunas'),
(662, 'K000000458', 42000, 'Lunas'),
(663, 'K000000459', 20000, 'Lunas'),
(664, 'K000000460', 26000, 'Lunas'),
(665, 'K000000461', 18000, 'Lunas'),
(666, 'K000000462', 18000, 'Lunas'),
(667, 'K000000463', 20000, 'Lunas'),
(668, 'K000000464', 24000, 'Lunas'),
(669, 'K000000465', 16000, 'Lunas'),
(670, 'K000000466', 32000, 'Lunas'),
(671, 'K000000467', 16000, 'Lunas'),
(672, 'K000000468', 28000, 'Lunas'),
(673, 'K000000469', 16000, 'Lunas'),
(674, 'K000000470', 16000, 'Lunas'),
(675, 'K000000471', 26000, 'Lunas'),
(676, 'K000000472', 22000, 'Lunas'),
(677, 'K000000473', 16000, 'Lunas'),
(678, 'K000000474', 20000, 'Lunas'),
(679, 'K000000475', 16000, 'Lunas'),
(680, 'K000000476', 16000, 'Lunas'),
(681, 'K000000477', 16000, 'Lunas'),
(682, 'K000000478', 78000, 'Lunas'),
(683, 'K000000479', 42000, 'Lunas'),
(684, 'K000000480', 26000, 'Lunas'),
(685, 'K000000481', 32000, 'Lunas'),
(686, 'K000000482', 26000, 'Lunas'),
(687, 'K000000483', 26000, 'Lunas'),
(688, 'K000000484', 28000, 'Lunas'),
(689, 'K000000485', 26000, 'Lunas'),
(690, 'K000000486', 18000, 'Lunas'),
(691, 'K000000487', 108000, 'Lunas'),
(692, 'K000000488', 16000, 'Lunas'),
(693, 'K000000489', 16000, 'Lunas'),
(694, 'K000000490', 51000, 'Lunas'),
(695, 'K000000491', 24000, 'Lunas'),
(696, 'K000000492', 26000, 'Lunas'),
(697, 'K000000493', 26000, 'Lunas'),
(698, 'K000000494', 16000, 'Lunas'),
(699, 'K000000495', 16000, 'Lunas'),
(700, 'K000000496', 16000, 'Lunas'),
(701, 'K000000497', 42000, 'Lunas'),
(702, 'K000000498', 16000, 'Lunas'),
(703, 'K000000499', 171000, 'Lunas'),
(704, 'K000000500', 32000, 'Lunas'),
(705, 'K000000501', 22000, 'Lunas'),
(706, 'K000000502', 34000, 'Lunas'),
(707, 'K000000503', 16000, 'Lunas'),
(709, 'K000000505', 16000, 'Lunas'),
(710, 'K000000506', 69000, 'Lunas'),
(711, 'K000000507', 28000, 'Lunas'),
(712, 'K000000508', 20000, 'Lunas'),
(713, 'K000000509', 16000, 'Lunas'),
(714, 'K000000510', 22000, 'Lunas'),
(715, 'K000000511', 16000, 'Lunas'),
(716, 'K000000512', 45000, 'Lunas'),
(717, 'K000000513', 36000, 'Lunas'),
(718, 'K000000514', 36000, 'Lunas'),
(719, 'K000000515', 28000, 'Lunas'),
(720, 'K000000516', 30000, 'Lunas'),
(721, 'K000000517', 90000, 'Lunas'),
(722, 'K000000518', 57000, 'Lunas'),
(723, 'K000000519', 16000, 'Lunas'),
(724, 'K000000520', 93000, 'Lunas'),
(725, 'K000000521', 36000, 'Lunas'),
(726, 'K000000522', 102000, 'Lunas'),
(727, 'K000000523', 69000, 'Lunas'),
(728, 'K000000524', 39000, 'Lunas'),
(729, 'K000000525', 78000, 'Lunas'),
(730, 'K000000526', 39000, 'Lunas'),
(731, 'K000000527', 63000, 'Lunas'),
(732, 'K000000528', 16000, 'Lunas'),
(733, 'K000000529', 24000, 'Lunas'),
(734, 'K000000530', 34000, 'Lunas'),
(735, 'K000000531', 32000, 'Lunas'),
(736, 'K000000532', 42000, 'Lunas'),
(737, 'K000000533', 81000, 'Lunas'),
(738, 'K000000534', 16000, 'Lunas'),
(739, 'K000000535', 78000, 'Lunas'),
(740, 'K000000536', 16000, 'Lunas'),
(741, 'K000000537', 81000, 'Lunas'),
(742, 'K000000538', 28000, 'Lunas'),
(743, 'K000000539', 39000, 'Lunas'),
(744, 'K000000540', 36000, 'Lunas'),
(745, 'K000000541', 45000, 'Lunas'),
(746, 'K000000542', 18000, 'Lunas'),
(747, 'K000000543', 18000, 'Lunas'),
(748, 'K000000544', 42000, 'Lunas'),
(749, 'K000000545', 60000, 'Lunas'),
(750, 'K000000546', 48000, 'Lunas'),
(751, 'K000000547', 42000, 'Lunas'),
(752, 'K000000548', 66000, 'Lunas'),
(753, 'K000000549', 28000, 'Lunas'),
(754, 'K000000550', 30000, 'Lunas'),
(755, 'K000000551', 24000, 'Lunas'),
(756, 'K000000552', 69000, 'Lunas'),
(757, 'K000000553', 16000, 'Lunas'),
(758, 'K000000554', 42000, 'Lunas'),
(759, 'K000000555', 16000, 'Lunas'),
(760, 'K000000556', 32000, 'Lunas'),
(761, 'K000000557', 28000, 'Lunas'),
(762, 'K000000558', 57000, 'Lunas'),
(763, 'K000000559', 16000, 'Lunas'),
(764, 'K000000560', 69000, 'Lunas'),
(765, 'K000000561', 16000, 'Lunas'),
(766, 'K000000562', 28000, 'Lunas'),
(767, 'K000000563', 16000, 'Lunas'),
(768, 'K000000564', 16000, 'Lunas'),
(769, 'K000000565', 16000, 'Lunas'),
(770, 'K000000566', 39000, 'Lunas'),
(771, 'K000000567', 34000, 'Lunas'),
(772, 'K000000568', 16000, 'Lunas'),
(773, 'K000000569', 24000, 'Lunas'),
(774, 'K000000570', 32000, 'Lunas'),
(775, 'K000000571', 26000, 'Lunas'),
(776, 'K000000572', 48000, 'Lunas'),
(777, 'K000000573', 16000, 'Lunas'),
(778, 'K000000574', 22000, 'Lunas'),
(779, 'K000000575', 16000, 'Lunas'),
(780, 'K000000576', 36000, 'Lunas'),
(781, 'K000000577', 24000, 'Lunas'),
(782, 'K000000578', 16000, 'Lunas'),
(783, 'K000000579', 22000, 'Lunas'),
(784, 'K000000580', 16000, 'Lunas'),
(785, 'K000000581', 16000, 'Lunas'),
(786, 'K000000582', 16000, 'Lunas'),
(787, 'K000000583', 42000, 'Lunas'),
(788, 'K000000584', 16000, 'Lunas'),
(789, 'K000000585', 24000, 'Lunas'),
(790, 'K000000586', 18000, 'Lunas'),
(791, 'K000000587', 16000, 'Lunas'),
(792, 'K000000588', 30000, 'Lunas'),
(793, 'K000000589', 26000, 'Lunas'),
(794, 'K000000590', 16000, 'Lunas'),
(795, 'K000000591', 24000, 'Lunas'),
(796, 'K000000592', 16000, 'Lunas'),
(797, 'K000000593', 26000, 'Lunas'),
(798, 'K000000594', 16000, 'Lunas'),
(799, 'K000000595', 22000, 'Lunas'),
(800, 'K000000596', 18000, 'Lunas'),
(801, 'K000000597', 34000, 'Lunas'),
(802, 'K000000598', 45000, 'Lunas'),
(803, 'K000000599', 16000, 'Lunas'),
(804, 'K000000600', 72000, 'Lunas'),
(805, 'K000000601', 16000, 'Lunas'),
(806, 'K000000602', 20000, 'Lunas'),
(807, 'K000000603', 32000, 'Lunas'),
(808, 'K000000604', 16000, 'Lunas'),
(809, 'K000000605', 16000, 'Lunas'),
(810, 'K000000606', 51000, 'Lunas'),
(811, 'K000000607', 26000, 'Lunas'),
(812, 'K000000608', 30000, 'Lunas'),
(813, 'K000000609', 22000, 'Lunas'),
(814, 'K000000610', 18000, 'Lunas');

-- --------------------------------------------------------

--
-- Table structure for table `tb_user`
--

CREATE TABLE `tb_user` (
  `id_user` int(11) NOT NULL,
  `nama_user` varchar(20) NOT NULL,
  `username` varchar(15) NOT NULL,
  `password` varchar(15) NOT NULL,
  `level` varchar(15) NOT NULL,
  `no_hp` char(13) NOT NULL,
  `no_rek` char(15) NOT NULL
) ENGINE=InnoDB DEFAULT CHARSET=latin1;

--
-- Dumping data for table `tb_user`
--

INSERT INTO `tb_user` (`id_user`, `nama_user`, `username`, `password`, `level`, `no_hp`, `no_rek`) VALUES
(1, 'PAMSIMAS', 'pamsimas', 'punjulharjo', 'Administrator', '', ''),
(72, 'BENGKEL LAS MURI', 'BENGKEL LAS MUR', 'BENGKEL LAS MUR', 'Pelanggan', '0', '1'),
(73, 'WARUNG JONI', 'WARUNG JONI', 'WARUNG JONI', 'Pelanggan', '0', '2'),
(74, 'TRI JIYANTI', 'TRI JIYANTI', 'TRI JIYANTI', 'Pelanggan', '0', '3'),
(75, 'MAHMUDI', 'MAHMUDI', 'MAHMUDI', 'Pelanggan', '0', '4'),
(76, 'NUR KHOLIS', 'NUR KHOLIS', 'NUR KHOLIS', 'Pelanggan', '0', '5'),
(77, 'NURSALIM', 'NURSALIM', 'NURSALIM', 'Pelanggan', '0', '6'),
(78, 'KURDI', 'KURDI', 'KURDI', 'Pelanggan', '0', '7'),
(79, 'TASULI', 'TASULI', 'TASULI', 'Pelanggan', '0', '8'),
(80, 'PARIJAN RT', 'PARIJAN RT', 'PARIJAN RT', 'Pelanggan', '0', '9'),
(81, 'JAMIONO', 'JAMIONO', 'JAMIONO', 'Pelanggan', '0', '10'),
(82, 'SUPANGAT', 'SUPANGAT', 'SUPANGAT', 'Pelanggan', '0', '11'),
(83, 'SODIQ', 'SODIQ', 'SODIQ', 'Pelanggan', '0', '12'),
(84, 'RUKAYAH', 'RUKAYAH', 'RUKAYAH', 'Pelanggan', '0', '13'),
(85, 'NURLINA FASIKHAH', 'NURLINA FASIKHA', 'NURLINA FASIKHA', 'Pelanggan', '0', '14'),
(86, 'ABRORI', 'ABRORI', 'ABRORI', 'Pelanggan', '0', '15'),
(87, 'SUKENI', 'SUKENI', 'SUKENI', 'Pelanggan', '0', '16'),
(88, 'MUSAFAK', 'MUSAFAK', 'MUSAFAK', 'Pelanggan', '0', '17'),
(89, 'SUPARDI', 'SUPARDI', 'SUPARDI', 'Pelanggan', '0', '18'),
(90, 'PANDU MUSTAKIMAH', 'PANDU MUSTAKIMA', 'PANDU MUSTAKIMA', 'Pelanggan', '0', '19'),
(91, 'DARMAJI', 'DARMAJI', 'DARMAJI', 'Pelanggan', '0', '20'),
(92, 'MUNDOKIR', 'MUNDOKIR', 'MUNDOKIR', 'Pelanggan', '0', '21'),
(93, 'SARMODAN', 'SARMODAN', 'SARMODAN', 'Pelanggan', '0', '22'),
(94, 'H. MUNAWARUDIN', 'H. MUNAWARUDIN', 'H. MUNAWARUDIN', 'Pelanggan', '0', '23'),
(95, 'MASRUF', 'MASRUF', 'MASRUF', 'Pelanggan', '0', '24'),
(96, 'ZAENAL ARIFIN', 'ZAENAL ARIFIN', 'ZAENAL ARIFIN', 'Pelanggan', '0', '25'),
(97, 'BAMBANG', 'BAMBANG', 'BAMBANG', 'Pelanggan', '0', '26'),
(98, 'SUYUTI', 'SUYUTI', 'SUYUTI', 'Pelanggan', '0', '27'),
(99, 'ABDUL ROKHIM', 'ABDUL ROKHIM', 'ABDUL ROKHIM', 'Pelanggan', '0', '28'),
(100, 'JUWARIYAH', 'JUWARIYAH', 'JUWARIYAH', 'Pelanggan', '0', '29'),
(101, 'MUNTHOHID', 'MUNTHOHID', 'MUNTHOHID', 'Pelanggan', '0', '30'),
(102, 'KAMTO', 'KAMTO', 'KAMTO', 'Pelanggan', '0', '31'),
(103, 'MUSTIATIN', 'MUSTIATIN', 'MUSTIATIN', 'Pelanggan', '0', '32'),
(104, 'SUHUT', 'SUHUT', 'SUHUT', 'Pelanggan', '0', '33'),
(105, 'UMI ROSIDAH', 'UMI ROSIDAH', 'UMI ROSIDAH', 'Pelanggan', '0', '34'),
(106, 'TEMOK ROSADI', 'TEMOK ROSADI', 'TEMOK ROSADI', 'Pelanggan', '0', '35'),
(107, 'PAUD AL-MUBAROK', 'PAUD AL-MUBAROK', 'PAUD AL-MUBAROK', 'Pelanggan', '0', '36'),
(108, 'MADIN MIFT-SALAM', 'MADIN MIFT-SALA', 'MADIN MIFT-SALA', 'Pelanggan', '0', '37'),
(109, 'ALI IMRON', 'ALI IMRON', 'ALI IMRON', 'Pelanggan', '0', '38'),
(110, 'JASMADI', 'JASMADI', 'JASMADI', 'Pelanggan', '0', '39'),
(111, 'SOFIAN', 'SOFIAN', 'SOFIAN', 'Pelanggan', '0', '40'),
(112, 'ABIDIN', 'ABIDIN', 'ABIDIN', 'Pelanggan', '0', '41'),
(113, 'FARIDHON', 'FARIDHON', 'FARIDHON', 'Pelanggan', '0', '42'),
(114, 'ALI MUSTAIN', 'ALI MUSTAIN', 'ALI MUSTAIN', 'Pelanggan', '0', '43'),
(115, 'BAIDAH', 'BAIDAH', 'BAIDAH', 'Pelanggan', '0', '44'),
(116, 'WR KARANGJAHE', 'WR KARANGJAHE', 'WR KARANGJAHE', 'Pelanggan', '0', '45'),
(117, 'TASLIM', 'TASLIM', 'TASLIM', 'Pelanggan', '0', '46'),
(118, 'SELAMET GODO', 'SELAMET GODO', 'SELAMET GODO', 'Pelanggan', '0', '47'),
(119, 'PADIMAN', 'PADIMAN', 'PADIMAN', 'Pelanggan', '0', '48'),
(120, 'Drs. NURSALIM', 'Drs. NURSALIM', 'Drs. NURSALIM', 'Pelanggan', '0', '49'),
(121, 'SDN PUNJULHARJO', 'SDN PUNJULHARJO', 'SDN PUNJULHARJO', 'Pelanggan', '0', '50'),
(122, 'BPD/LPMD', 'BPD/LPMD', 'BPD/LPMD', 'Pelanggan', '0', '51'),
(123, 'LASMIDI', 'LASMIDI', 'LASMIDI', 'Pelanggan', '0', '52'),
(124, 'USWATUN HASANAH', 'USWATUN HASANAH', 'USWATUN HASANAH', 'Pelanggan', '0', '53'),
(125, 'MARJUKI', 'MARJUKI', 'MARJUKI', 'Pelanggan', '0', '54'),
(126, 'TULISTYO R', 'TULISTYO R', 'TULISTYO R', 'Pelanggan', '0', '55'),
(127, 'YAHMIN', 'YAHMIN', 'YAHMIN', 'Pelanggan', '0', '56'),
(128, 'SUMARNO', 'SUMARNO', 'SUMARNO', 'Pelanggan', '0', '57'),
(129, 'SUHADI', 'SUHADI', 'SUHADI', 'Pelanggan', '0', '58'),
(130, 'TAUFIK', 'TAUFIK', 'TAUFIK', 'Pelanggan', '0', '59'),
(131, 'MAKSUM', 'MAKSUM', 'MAKSUM', 'Pelanggan', '0', '60'),
(132, 'MUNADI', 'MUNADI', 'MUNADI', 'Pelanggan', '0', '61'),
(133, 'NUR KHOZIN', 'NUR KHOZIN', 'NUR KHOZIN', 'Pelanggan', '0', '62'),
(134, 'SUWANDI', 'SUWANDI', 'SUWANDI', 'Pelanggan', '0', '63'),
(135, 'SIH ERNAWATI', 'SIH ERNAWATI', 'SIH ERNAWATI', 'Pelanggan', '0', '64'),
(136, 'TEGUH PRIYONO', 'TEGUH PRIYONO', 'TEGUH PRIYONO', 'Pelanggan', '0', '65'),
(137, 'MUGIONO', 'MUGIONO', 'MUGIONO', 'Pelanggan', '0', '66'),
(138, 'SUPAHAM', 'SUPAHAM', 'SUPAHAM', 'Pelanggan', '0', '67'),
(139, 'ROJIKIN', 'ROJIKIN', 'ROJIKIN', 'Pelanggan', '0', '68'),
(140, 'SATARI', 'SATARI', 'SATARI', 'Pelanggan', '0', '69'),
(141, 'RUKANI', 'RUKANI', 'RUKANI', 'Pelanggan', '0', '70'),
(142, 'KUSNADI', 'KUSNADI', 'KUSNADI', 'Pelanggan', '0', '71'),
(143, 'SUTRISNO', 'SUTRISNO', 'SUTRISNO', 'Pelanggan', '0', '72'),
(144, 'SUMINDAR', 'SUMINDAR', 'SUMINDAR', 'Pelanggan', '0', '73'),
(145, 'NURWANTO', 'NURWANTO', 'NURWANTO', 'Pelanggan', '0', '74'),
(146, 'ANWAR', 'ANWAR', 'ANWAR', 'Pelanggan', '0', '75'),
(147, 'NGALIM', 'NGALIM', 'NGALIM', 'Pelanggan', '0', '76'),
(148, 'ADIB', 'ADIB', 'ADIB', 'Pelanggan', '0', '78'),
(149, 'SITI KHOMIDAH', 'SITI KHOMIDAH', 'SITI KHOMIDAH', 'Pelanggan', '0', '79'),
(150, 'WARUNG WAKIJAN', 'WARUNG WAKIJAN', 'WARUNG WAKIJAN', 'Pelanggan', '0', '80'),
(151, 'AGUS SEGKRI', 'AGUS SEGKRI', 'AGUS SEGKRI', 'Pelanggan', '0', '81'),
(152, 'EKO MULYANTO', 'EKO MULYANTO', 'EKO MULYANTO', 'Pelanggan', '0', '82'),
(153, 'MUNDIKAH', 'MUNDIKAH', 'MUNDIKAH', 'Pelanggan', '0', '83'),
(154, 'JAYADI MILUN', 'JAYADI MILUN', 'JAYADI MILUN', 'Pelanggan', '0', '84'),
(155, 'CHOIRON', 'CHOIRON', 'CHOIRON', 'Pelanggan', '0', '85'),
(156, 'MUSOLLA BMT', 'MUSOLLA BMT', 'MUSOLLA BMT', 'Pelanggan', '0', '86'),
(157, 'ALI NUKMAN', 'ALI NUKMAN', 'ALI NUKMAN', 'Pelanggan', '0', '87'),
(158, 'PUJI/SALIM', 'PUJI/SALIM', 'PUJI/SALIM', 'Pelanggan', '0', '88'),
(159, 'SUKIYONO', 'SUKIYONO', 'SUKIYONO', 'Pelanggan', '0', '89'),
(160, 'KAPSAH / SUKARDI', 'KAPSAH / SUKARD', 'KAPSAH / SUKARD', 'Pelanggan', '0', '90'),
(161, 'ABDUL ROSYID', 'ABDUL ROSYID', 'ABDUL ROSYID', 'Pelanggan', '0', '91'),
(162, 'KASBAN', 'KASBAN', 'KASBAN', 'Pelanggan', '0', '92'),
(163, 'SUKIRNO', 'SUKIRNO', 'SUKIRNO', 'Pelanggan', '0', '93'),
(164, 'ABDUL KHAMID', 'ABDUL KHAMID', 'ABDUL KHAMID', 'Pelanggan', '0', '94'),
(165, 'SUMARDI', 'SUMARDI', 'SUMARDI', 'Pelanggan', '0', '95'),
(166, 'ABDUL KARIMM', 'ABDUL KARIMM', 'ABDUL KARIMM', 'Pelanggan', '0', '96'),
(167, 'MUSLIKAH', 'MUSLIKAH', 'MUSLIKAH', 'Pelanggan', '0', '97'),
(168, 'PURNADI', 'PURNADI', 'PURNADI', 'Pelanggan', '0', '98'),
(169, 'MUSOLLA UMMI', 'MUSOLLA UMMI', 'MUSOLLA UMMI', 'Pelanggan', '0', '99'),
(170, 'MUHAJIRIN', 'MUHAJIRIN', 'MUHAJIRIN', 'Pelanggan', '0', '100'),
(171, 'A. SAHIR', 'A. SAHIR', 'A. SAHIR', 'Pelanggan', '0', '101'),
(172, 'ANDRIWAN', 'ANDRIWAN', 'ANDRIWAN', 'Pelanggan', '0', '102'),
(173, 'SUBAIDI', 'SUBAIDI', 'SUBAIDI', 'Pelanggan', '0', '103'),
(174, 'KURBIL AHMAD', 'KURBIL AHMAD', 'KURBIL AHMAD', 'Pelanggan', '0', '104'),
(175, 'MUNDIR', 'MUNDIR', 'MUNDIR', 'Pelanggan', '0', '105'),
(176, 'H. IKHSAN', 'H. IKHSAN', 'H. IKHSAN', 'Pelanggan', '0', '106'),
(177, 'AMBARSAH KUSNAN', 'AMBARSAH KUSNAN', 'AMBARSAH KUSNAN', 'Pelanggan', '0', '107'),
(178, 'Z. MAKHASIN', 'Z. MAKHASIN', 'Z. MAKHASIN', 'Pelanggan', '0', '108'),
(179, 'PUJI PURWANTO', 'PUJI PURWANTO', 'PUJI PURWANTO', 'Pelanggan', '0', '109'),
(180, 'MBAH MUNISAH', 'MBAH MUNISAH', 'MBAH MUNISAH', 'Pelanggan', '0', '110'),
(181, 'ARIFIN', 'ARIFIN', 'ARIFIN', 'Pelanggan', '0', '111'),
(182, 'SUKANI/EMI', 'SUKANI/EMI', 'SUKANI/EMI', 'Pelanggan', '0', '112'),
(183, 'KUSWATUN', 'KUSWATUN', 'KUSWATUN', 'Pelanggan', '0', '113'),
(184, 'ADEL', 'ADEL', 'ADEL', 'Pelanggan', '0', '114'),
(185, 'MULYO SANTOSO', 'MULYO SANTOSO', 'MULYO SANTOSO', 'Pelanggan', '0', '115'),
(186, 'JUDI', 'JUDI', 'JUDI', 'Pelanggan', '0', '116'),
(187, 'HARTONO', 'HARTONO', 'HARTONO', 'Pelanggan', '0', '117'),
(188, 'SUMIATI', 'SUMIATI', 'SUMIATI', 'Pelanggan', '0', '118'),
(189, 'SUYONO', 'SUYONO', 'SUYONO', 'Pelanggan', '0', '119'),
(190, 'JUDIANTO', 'JUDIANTO', 'JUDIANTO', 'Pelanggan', '0', '120'),
(191, 'JOKO KOSIM/TAMBAK', 'JOKO KOSIM/TAMB', 'JOKO KOSIM/TAMB', 'Pelanggan', '0', '121'),
(192, 'MNURHADI', 'MNURHADI', 'MNURHADI', 'Pelanggan', '0', '122'),
(193, 'MUNADI', 'MUNADI', 'MUNADI', 'Pelanggan', '0', '123'),
(194, 'GUNARI', 'GUNARI', 'GUNARI', 'Pelanggan', '0', '124'),
(195, 'WARNOTO', 'WARNOTO', 'WARNOTO', 'Pelanggan', '0', '125'),
(196, 'SAHLAN EKO W/ENDRA', 'SAHLAN EKO W/EN', 'SAHLAN EKO W/EN', 'Pelanggan', '0', '126'),
(197, 'AGUNG WINARNO', 'AGUNG WINARNO', 'AGUNG WINARNO', 'Pelanggan', '0', '127'),
(198, 'EDI SUKARDI', 'EDI SUKARDI', 'EDI SUKARDI', 'Pelanggan', '0', '128'),
(199, 'MUJIBURROHMAN', 'MUJIBURROHMAN', 'MUJIBURROHMAN', 'Pelanggan', '0', '129'),
(200, 'H. HUDA', 'H. HUDA', 'H. HUDA', 'Pelanggan', '0', '130'),
(201, 'ASEP S.', 'ASEP S.', 'ASEP S.', 'Pelanggan', '0', '131'),
(202, 'SULISTIYONO/MEBEL', 'SULISTIYONO/MEB', 'SULISTIYONO/MEB', 'Pelanggan', '0', '132'),
(203, 'SUMADI', 'SUMADI', 'SUMADI', 'Pelanggan', '0', '133'),
(204, 'BUDIYONO', 'BUDIYONO', 'BUDIYONO', 'Pelanggan', '0', '134'),
(205, 'PUJIYONO', 'PUJIYONO', 'PUJIYONO', 'Pelanggan', '0', '135'),
(206, 'SRI BONDAN KISWORO', 'SRI BONDAN KISW', 'SRI BONDAN KISW', 'Pelanggan', '0', '136'),
(207, 'SOLIKIN', 'SOLIKIN', 'SOLIKIN', 'Pelanggan', '0', '137'),
(208, 'TPS 3 R', 'TPS 3 R', 'TPS 3 R', 'Pelanggan', '0', '138'),
(209, 'ABDUL HALIM', 'ABDUL HALIM', 'ABDUL HALIM', 'Pelanggan', '0', '139'),
(210, 'F', '', '', 'Pelanggan', '569', '1'),
(211, 'F', '', '', 'Pelanggan', '500', '2'),
(212, '', '', '', 'Pelanggan', '', ''),
(213, '', '', '', 'Pelanggan', '', ''),
(214, '', '', '', 'Pelanggan', '', ''),
(215, '', '', '', 'Pelanggan', '', ''),
(216, '', '', '', 'Pelanggan', '', ''),
(217, '', '', '', 'Pelanggan', '', ''),
(218, '', '', '', 'Pelanggan', '', ''),
(219, '', '', '', 'Pelanggan', '', ''),
(220, '', '', '', 'Pelanggan', '', ''),
(221, '', '', '', 'Pelanggan', '', ''),
(222, '', '', '', 'Pelanggan', '', ''),
(223, '', '', '', 'Pelanggan', '', ''),
(224, '', '', '', 'Pelanggan', '', ''),
(225, '', '', '', 'Pelanggan', '', ''),
(226, '', '', '', 'Pelanggan', '', ''),
(227, '', '', '', 'Pelanggan', '', ''),
(228, '', '', '', 'Pelanggan', '', ''),
(229, '', '', '', 'Pelanggan', '', ''),
(230, '', '', '', 'Pelanggan', '', ''),
(231, '', '', '', 'Pelanggan', '', ''),
(232, '', '', '', 'Pelanggan', '', ''),
(233, '', '', '', 'Pelanggan', '', ''),
(234, '', '', '', 'Pelanggan', '', ''),
(235, '', '', '', 'Pelanggan', '', ''),
(236, '', '', '', 'Pelanggan', '', ''),
(237, '', '', '', 'Pelanggan', '', ''),
(238, '', '', '', 'Pelanggan', '', ''),
(239, '', '', '', 'Pelanggan', '', ''),
(240, '', '', '', 'Pelanggan', '', ''),
(241, '', '', '', 'Pelanggan', '', ''),
(242, '', '', '', 'Pelanggan', '', ''),
(243, '', '', '', 'Pelanggan', '', ''),
(244, '', '', '', 'Pelanggan', '', ''),
(245, '', '', '', 'Pelanggan', '', ''),
(246, '', '', '', 'Pelanggan', '', ''),
(247, '', '', '', 'Pelanggan', '', ''),
(248, '', '', '', 'Pelanggan', '', ''),
(249, '', '', '', 'Pelanggan', '', ''),
(250, '', '', '', 'Pelanggan', '', ''),
(251, '', '', '', 'Pelanggan', '', ''),
(252, '', '', '', 'Pelanggan', '', ''),
(253, '', '', '', 'Pelanggan', '', ''),
(254, '', '', '', 'Pelanggan', '', ''),
(255, '', '', '', 'Pelanggan', '', ''),
(256, '', '', '', 'Pelanggan', '', ''),
(257, '', '', '', 'Pelanggan', '', ''),
(258, '', '', '', 'Pelanggan', '', ''),
(259, '', '', '', 'Pelanggan', '', ''),
(260, '', '', '', 'Pelanggan', '', ''),
(261, '', '', '', 'Pelanggan', '', ''),
(262, '', '', '', 'Pelanggan', '', ''),
(263, '', '', '', 'Pelanggan', '', ''),
(264, '', '', '', 'Pelanggan', '', ''),
(265, '', '', '', 'Pelanggan', '', ''),
(266, '', '', '', 'Pelanggan', '', ''),
(267, '', '', '', 'Pelanggan', '', ''),
(268, '', '', '', 'Pelanggan', '', ''),
(269, '', '', '', 'Pelanggan', '', ''),
(270, '', '', '', 'Pelanggan', '', ''),
(271, '', '', '', 'Pelanggan', '', ''),
(272, '', '', '', 'Pelanggan', '', ''),
(273, '', '', '', 'Pelanggan', '', ''),
(274, '', '', '', 'Pelanggan', '', ''),
(275, '', '', '', 'Pelanggan', '', ''),
(276, '', '', '', 'Pelanggan', '', ''),
(277, '', '', '', 'Pelanggan', '', ''),
(278, '', '', '', 'Pelanggan', '', ''),
(279, '', '', '', 'Pelanggan', '', ''),
(280, '', '', '', 'Pelanggan', '', ''),
(281, '', '', '', 'Pelanggan', '', ''),
(282, '', '', '', 'Pelanggan', '', ''),
(283, '', '', '', 'Pelanggan', '', ''),
(284, '', '', '', 'Pelanggan', '', ''),
(285, '', '', '', 'Pelanggan', '', ''),
(286, '', '', '', 'Pelanggan', '', ''),
(287, '', '', '', 'Pelanggan', '', ''),
(288, '', '', '', 'Pelanggan', '', ''),
(289, '', '', '', 'Pelanggan', '', ''),
(290, '', '', '', 'Pelanggan', '', ''),
(291, '', '', '', 'Pelanggan', '', ''),
(292, '', '', '', 'Pelanggan', '', ''),
(293, '', '', '', 'Pelanggan', '', ''),
(294, '', '', '', 'Pelanggan', '', ''),
(295, '', '', '', 'Pelanggan', '', ''),
(296, '', '', '', 'Pelanggan', '', ''),
(297, '', '', '', 'Pelanggan', '', ''),
(298, '', '', '', 'Pelanggan', '', ''),
(299, '', '', '', 'Pelanggan', '', ''),
(300, '', '', '', 'Pelanggan', '', ''),
(301, '', '', '', 'Pelanggan', '', ''),
(302, '', '', '', 'Pelanggan', '', ''),
(303, '', '', '', 'Pelanggan', '', ''),
(304, '', '', '', 'Pelanggan', '', ''),
(305, '', '', '', 'Pelanggan', '', ''),
(306, '', '', '', 'Pelanggan', '', ''),
(307, '', '', '', 'Pelanggan', '', ''),
(308, '', '', '', 'Pelanggan', '', ''),
(309, '', '', '', 'Pelanggan', '', ''),
(310, '', '', '', 'Pelanggan', '', ''),
(311, '', '', '', 'Pelanggan', '', ''),
(312, '', '', '', 'Pelanggan', '', ''),
(313, '', '', '', 'Pelanggan', '', ''),
(314, '', '', '', 'Pelanggan', '', ''),
(315, '', '', '', 'Pelanggan', '', ''),
(316, '', '', '', 'Pelanggan', '', ''),
(317, '', '', '', 'Pelanggan', '', ''),
(318, '', '', '', 'Pelanggan', '', ''),
(319, '', '', '', 'Pelanggan', '', ''),
(320, '', '', '', 'Pelanggan', '', ''),
(321, '', '', '', 'Pelanggan', '', ''),
(322, '', '', '', 'Pelanggan', '', ''),
(323, '', '', '', 'Pelanggan', '', ''),
(324, '', '', '', 'Pelanggan', '', ''),
(325, '', '', '', 'Pelanggan', '', ''),
(326, '', '', '', 'Pelanggan', '', ''),
(327, '', '', '', 'Pelanggan', '', ''),
(328, '', '', '', 'Pelanggan', '', ''),
(329, '', '', '', 'Pelanggan', '', ''),
(330, '', '', '', 'Pelanggan', '', ''),
(331, '', '', '', 'Pelanggan', '', ''),
(332, '', '', '', 'Pelanggan', '', ''),
(333, '', '', '', 'Pelanggan', '', ''),
(334, '', '', '', 'Pelanggan', '', ''),
(335, '', '', '', 'Pelanggan', '', ''),
(336, '', '', '', 'Pelanggan', '', ''),
(337, '', '', '', 'Pelanggan', '', ''),
(338, '', '', '', 'Pelanggan', '', ''),
(339, '', '', '', 'Pelanggan', '', ''),
(340, '', '', '', 'Pelanggan', '', ''),
(341, '', '', '', 'Pelanggan', '', ''),
(342, '', '', '', 'Pelanggan', '', ''),
(343, '', '', '', 'Pelanggan', '', ''),
(344, '', '', '', 'Pelanggan', '', ''),
(345, '', '', '', 'Pelanggan', '', ''),
(346, '', '', '', 'Pelanggan', '', ''),
(347, '', '', '', 'Pelanggan', '', ''),
(348, '', '', '', 'Pelanggan', '', ''),
(349, 'F', '', '', 'Pelanggan', '569', '1'),
(350, 'F', '', '', 'Pelanggan', '500', '2'),
(351, '', '', '', 'Pelanggan', '', ''),
(352, '', '', '', 'Pelanggan', '', ''),
(353, '', '', '', 'Pelanggan', '', ''),
(354, '', '', '', 'Pelanggan', '', ''),
(355, '', '', '', 'Pelanggan', '', ''),
(356, '', '', '', 'Pelanggan', '', ''),
(357, '', '', '', 'Pelanggan', '', ''),
(358, '', '', '', 'Pelanggan', '', ''),
(359, '', '', '', 'Pelanggan', '', ''),
(360, '', '', '', 'Pelanggan', '', ''),
(361, '', '', '', 'Pelanggan', '', ''),
(362, '', '', '', 'Pelanggan', '', ''),
(363, '', '', '', 'Pelanggan', '', ''),
(364, '', '', '', 'Pelanggan', '', ''),
(365, '', '', '', 'Pelanggan', '', ''),
(366, '', '', '', 'Pelanggan', '', ''),
(367, '', '', '', 'Pelanggan', '', ''),
(368, '', '', '', 'Pelanggan', '', ''),
(369, '', '', '', 'Pelanggan', '', ''),
(370, '', '', '', 'Pelanggan', '', ''),
(371, '', '', '', 'Pelanggan', '', ''),
(372, '', '', '', 'Pelanggan', '', ''),
(373, '', '', '', 'Pelanggan', '', ''),
(374, '', '', '', 'Pelanggan', '', ''),
(375, '', '', '', 'Pelanggan', '', ''),
(376, '', '', '', 'Pelanggan', '', ''),
(377, '', '', '', 'Pelanggan', '', ''),
(378, '', '', '', 'Pelanggan', '', ''),
(379, '', '', '', 'Pelanggan', '', ''),
(380, '', '', '', 'Pelanggan', '', ''),
(381, '', '', '', 'Pelanggan', '', ''),
(382, '', '', '', 'Pelanggan', '', ''),
(383, '', '', '', 'Pelanggan', '', ''),
(384, '', '', '', 'Pelanggan', '', ''),
(385, '', '', '', 'Pelanggan', '', ''),
(386, '', '', '', 'Pelanggan', '', ''),
(387, '', '', '', 'Pelanggan', '', ''),
(388, '', '', '', 'Pelanggan', '', ''),
(389, '', '', '', 'Pelanggan', '', ''),
(390, '', '', '', 'Pelanggan', '', ''),
(391, '', '', '', 'Pelanggan', '', ''),
(392, '', '', '', 'Pelanggan', '', ''),
(393, '', '', '', 'Pelanggan', '', ''),
(394, '', '', '', 'Pelanggan', '', ''),
(395, '', '', '', 'Pelanggan', '', ''),
(396, '', '', '', 'Pelanggan', '', ''),
(397, '', '', '', 'Pelanggan', '', ''),
(398, '', '', '', 'Pelanggan', '', ''),
(399, '', '', '', 'Pelanggan', '', ''),
(400, '', '', '', 'Pelanggan', '', ''),
(401, '', '', '', 'Pelanggan', '', ''),
(402, '', '', '', 'Pelanggan', '', ''),
(403, '', '', '', 'Pelanggan', '', ''),
(404, '', '', '', 'Pelanggan', '', ''),
(405, '', '', '', 'Pelanggan', '', ''),
(406, '', '', '', 'Pelanggan', '', ''),
(407, '', '', '', 'Pelanggan', '', ''),
(408, '', '', '', 'Pelanggan', '', ''),
(409, '', '', '', 'Pelanggan', '', ''),
(410, '', '', '', 'Pelanggan', '', ''),
(411, '', '', '', 'Pelanggan', '', ''),
(412, '', '', '', 'Pelanggan', '', ''),
(413, '', '', '', 'Pelanggan', '', ''),
(414, '', '', '', 'Pelanggan', '', ''),
(415, '', '', '', 'Pelanggan', '', ''),
(416, '', '', '', 'Pelanggan', '', ''),
(417, '', '', '', 'Pelanggan', '', ''),
(418, '', '', '', 'Pelanggan', '', ''),
(419, '', '', '', 'Pelanggan', '', ''),
(420, '', '', '', 'Pelanggan', '', ''),
(421, '', '', '', 'Pelanggan', '', ''),
(422, '', '', '', 'Pelanggan', '', ''),
(423, '', '', '', 'Pelanggan', '', ''),
(424, '', '', '', 'Pelanggan', '', ''),
(425, '', '', '', 'Pelanggan', '', ''),
(426, '', '', '', 'Pelanggan', '', ''),
(427, '', '', '', 'Pelanggan', '', ''),
(428, '', '', '', 'Pelanggan', '', ''),
(429, '', '', '', 'Pelanggan', '', ''),
(430, '', '', '', 'Pelanggan', '', ''),
(431, '', '', '', 'Pelanggan', '', ''),
(432, '', '', '', 'Pelanggan', '', ''),
(433, '', '', '', 'Pelanggan', '', ''),
(434, '', '', '', 'Pelanggan', '', ''),
(435, '', '', '', 'Pelanggan', '', ''),
(436, '', '', '', 'Pelanggan', '', ''),
(437, '', '', '', 'Pelanggan', '', ''),
(438, '', '', '', 'Pelanggan', '', ''),
(439, '', '', '', 'Pelanggan', '', ''),
(440, '', '', '', 'Pelanggan', '', ''),
(441, '', '', '', 'Pelanggan', '', ''),
(442, '', '', '', 'Pelanggan', '', ''),
(443, '', '', '', 'Pelanggan', '', ''),
(444, '', '', '', 'Pelanggan', '', ''),
(445, '', '', '', 'Pelanggan', '', ''),
(446, '', '', '', 'Pelanggan', '', ''),
(447, '', '', '', 'Pelanggan', '', ''),
(448, '', '', '', 'Pelanggan', '', ''),
(449, '', '', '', 'Pelanggan', '', ''),
(450, '', '', '', 'Pelanggan', '', ''),
(451, '', '', '', 'Pelanggan', '', ''),
(452, '', '', '', 'Pelanggan', '', ''),
(453, '', '', '', 'Pelanggan', '', ''),
(454, '', '', '', 'Pelanggan', '', ''),
(455, '', '', '', 'Pelanggan', '', ''),
(456, '', '', '', 'Pelanggan', '', ''),
(457, '', '', '', 'Pelanggan', '', ''),
(458, '', '', '', 'Pelanggan', '', ''),
(459, '', '', '', 'Pelanggan', '', ''),
(460, '', '', '', 'Pelanggan', '', ''),
(461, '', '', '', 'Pelanggan', '', ''),
(462, '', '', '', 'Pelanggan', '', ''),
(463, '', '', '', 'Pelanggan', '', ''),
(464, '', '', '', 'Pelanggan', '', ''),
(465, '', '', '', 'Pelanggan', '', ''),
(466, '', '', '', 'Pelanggan', '', ''),
(467, '', '', '', 'Pelanggan', '', ''),
(468, '', '', '', 'Pelanggan', '', ''),
(469, '', '', '', 'Pelanggan', '', ''),
(470, '', '', '', 'Pelanggan', '', ''),
(471, '', '', '', 'Pelanggan', '', ''),
(472, '', '', '', 'Pelanggan', '', ''),
(473, '', '', '', 'Pelanggan', '', ''),
(474, '', '', '', 'Pelanggan', '', ''),
(475, '', '', '', 'Pelanggan', '', ''),
(476, '', '', '', 'Pelanggan', '', ''),
(477, '', '', '', 'Pelanggan', '', ''),
(478, '', '', '', 'Pelanggan', '', ''),
(479, '', '', '', 'Pelanggan', '', ''),
(480, '', '', '', 'Pelanggan', '', ''),
(481, '', '', '', 'Pelanggan', '', ''),
(482, '', '', '', 'Pelanggan', '', ''),
(483, '', '', '', 'Pelanggan', '', ''),
(484, '', '', '', 'Pelanggan', '', ''),
(485, '', '', '', 'Pelanggan', '', ''),
(486, '', '', '', 'Pelanggan', '', ''),
(487, '', '', '', 'Pelanggan', '', ''),
(488, 'M. SAFII', 'M. SAFII', 'M. SAFII', 'Pelanggan', '0', '139'),
(489, 'M SAFII', 'M SAFII', 'M SAFII', 'Pelanggan', '0', '139'),
(490, 'M SAFII', 'M SAFII', 'M SAFII', 'Pelanggan', '0', '139'),
(491, 'M SAFII', 'MSAFII', 'MSAFII', 'Pelanggan', '0', '139'),
(492, 'M SAFII', 'M SAFII', 'M SAFII', 'Pelanggan', '0', '77'),
(493, 'JAEMAN', 'JAEMAN', 'JAEMAN', 'Pelanggan', '0', '140'),
(494, 'MUSLIH', 'MUSLIH', 'MUSLIH', 'Pelanggan', '0', '141');

--
-- Indexes for dumped tables
--

--
-- Indexes for table `tb_bulan`
--
ALTER TABLE `tb_bulan`
  ADD PRIMARY KEY (`id_bulan`);

--
-- Indexes for table `tb_info`
--
ALTER TABLE `tb_info`
  ADD PRIMARY KEY (`id_info`);

--
-- Indexes for table `tb_layanan`
--
ALTER TABLE `tb_layanan`
  ADD PRIMARY KEY (`id_layanan`);

--
-- Indexes for table `tb_pakai`
--
ALTER TABLE `tb_pakai`
  ADD PRIMARY KEY (`id_pakai`),
  ADD KEY `id_pelanggan` (`id_pelanggan`),
  ADD KEY `bulan` (`bulan`);

--
-- Indexes for table `tb_pelanggan`
--
ALTER TABLE `tb_pelanggan`
  ADD PRIMARY KEY (`id_pelanggan`),
  ADD KEY `tb_pelanggan_ibfk_1` (`id_layanan`);

--
-- Indexes for table `tb_pembayaran`
--
ALTER TABLE `tb_pembayaran`
  ADD KEY `tb_pembayaran_ibfk_1` (`id_tagihan`);

--
-- Indexes for table `tb_tagihan`
--
ALTER TABLE `tb_tagihan`
  ADD PRIMARY KEY (`id_tagihan`),
  ADD KEY `id_pelanggan` (`id_pakai`);

--
-- Indexes for table `tb_user`
--
ALTER TABLE `tb_user`
  ADD PRIMARY KEY (`id_user`);

--
-- AUTO_INCREMENT for dumped tables
--

--
-- AUTO_INCREMENT for table `tb_info`
--
ALTER TABLE `tb_info`
  MODIFY `id_info` int(11) NOT NULL AUTO_INCREMENT, AUTO_INCREMENT=2;

--
-- AUTO_INCREMENT for table `tb_layanan`
--
ALTER TABLE `tb_layanan`
  MODIFY `id_layanan` int(11) NOT NULL AUTO_INCREMENT, AUTO_INCREMENT=3;

--
-- AUTO_INCREMENT for table `tb_tagihan`
--
ALTER TABLE `tb_tagihan`
  MODIFY `id_tagihan` int(11) NOT NULL AUTO_INCREMENT, AUTO_INCREMENT=815;

--
-- AUTO_INCREMENT for table `tb_user`
--
ALTER TABLE `tb_user`
  MODIFY `id_user` int(11) NOT NULL AUTO_INCREMENT, AUTO_INCREMENT=495;

--
-- Constraints for dumped tables
--

--
-- Constraints for table `tb_pakai`
--
ALTER TABLE `tb_pakai`
  ADD CONSTRAINT `tb_pakai_ibfk_1` FOREIGN KEY (`id_pelanggan`) REFERENCES `tb_pelanggan` (`id_pelanggan`) ON DELETE CASCADE ON UPDATE CASCADE,
  ADD CONSTRAINT `tb_pakai_ibfk_2` FOREIGN KEY (`bulan`) REFERENCES `tb_bulan` (`id_bulan`) ON DELETE CASCADE ON UPDATE CASCADE;

--
-- Constraints for table `tb_pelanggan`
--
ALTER TABLE `tb_pelanggan`
  ADD CONSTRAINT `tb_pelanggan_ibfk_1` FOREIGN KEY (`id_layanan`) REFERENCES `tb_layanan` (`id_layanan`) ON DELETE CASCADE ON UPDATE CASCADE;

--
-- Constraints for table `tb_pembayaran`
--
ALTER TABLE `tb_pembayaran`
  ADD CONSTRAINT `tb_pembayaran_ibfk_1` FOREIGN KEY (`id_tagihan`) REFERENCES `tb_tagihan` (`id_tagihan`) ON DELETE CASCADE ON UPDATE CASCADE;

--
-- Constraints for table `tb_tagihan`
--
ALTER TABLE `tb_tagihan`
  ADD CONSTRAINT `tb_tagihan_ibfk_1` FOREIGN KEY (`id_pakai`) REFERENCES `tb_pakai` (`id_pakai`) ON DELETE CASCADE ON UPDATE CASCADE;
COMMIT;

/*!40101 SET CHARACTER_SET_CLIENT=@OLD_CHARACTER_SET_CLIENT */;
/*!40101 SET CHARACTER_SET_RESULTS=@OLD_CHARACTER_SET_RESULTS */;
/*!40101 SET COLLATION_CONNECTION=@OLD_COLLATION_CONNECTION */;
